"timestamp","source","level","message"
"2019-08-29T14:10:34.292Z","EC2AMAZ-ROE9IQD","6","CallsMetadata: Getting Job Data-->"
"2019-08-29T14:10:39.325Z","EC2AMAZ-ROE9IQD","6","called run method of RabbitMQ publisher"
"2019-08-29T14:10:39.332Z","EC2AMAZ-ROE9IQD","6","Connection Establish Succesfully"
"2019-08-29T14:10:01.090Z","EC2AMAZ-ROE9IQD","6","CallsMetadata: DATE: [2019-08-29T11:57:32] to [2019-08-29T13:00:00.090258]"
"2019-08-29T11:10:01.756Z","EC2AMAZ-ROE9IQD","6","CallsMetadata: Job Created.."
"2019-08-29T11:10:33.260Z","EC2AMAZ-ROE9IQD","6","CallsMetadata: Proceed to delete the job"
"2019-08-29T11:10:33.271Z","EC2AMAZ-ROE9IQD","6","CallsMetadata: <--initiating concurrent requests-->"
"2019-08-29T11:10:34.185Z","EC2AMAZ-ROE9IQD","6","CallsMetadata: missing values found: [0]"
"2019-08-29T12:10:33.380Z","EC2AMAZ-ROE9IQD","6","CallsMetadata: fetched [5] items"
"2019-08-29T12:10:33.381Z","EC2AMAZ-ROE9IQD","6","CallsMetadata: chunk size: [1]"
"2019-08-29T12:10:33.763Z","EC2AMAZ-ROE9IQD","6","CallsMetadata: missing values found: [0]"
"2019-08-29T12:10:01.094Z","EC2AMAZ-ROE9IQD","6","CallsMetadata: DATE: [2019-08-29T09:05:16] to [2019-08-29T11:00:00.093598]"
"2019-08-29T12:10:01.806Z","EC2AMAZ-ROE9IQD","6","CallsMetadata: report job status:202"
"2019-08-29T12:10:01.806Z","EC2AMAZ-ROE9IQD","6","CallsMetadata: job id: [5d67c099457a210007514e6b]"
"2019-08-29T12:10:01.938Z","EC2AMAZ-ROE9IQD","6","CallsMetadata: job response code: [200]"
"2019-08-29T12:10:01.939Z","EC2AMAZ-ROE9IQD","6","CallsMetadata: job status: [created]"
"2019-08-29T12:10:01.939Z","EC2AMAZ-ROE9IQD","6","CallsMetadata: waiting for report to generate sleep time [30]"
"2019-08-29T13:10:01.868Z","EC2AMAZ-ROE9IQD","6","CallsMetadata: job id: [5d67cea9457a210007514e95]"
"2019-08-29T13:10:02.011Z","EC2AMAZ-ROE9IQD","6","CallsMetadata: job status response \n{""id"":""5d67cea9457a210007514e95"",""name"":""demoJob3"",""created_at"":""2019-08-29T13:10:01Z"",""status"":""processing"",""timespan"":{""from"":""2019-08-29T10:50:00Z"",""to"":""2019-08-29T12:00:00Z""},""_links"":{""self"":{""href"":""https://api.talkdeskapp.com/reports/calls/jobs/5d67cea9457a210007514e95""},""files"":{""href"":""https://api.talkdeskapp.com/reports/calls/files/5d67cea9457a210007514e95""}}}"
"2019-08-29T13:10:02.012Z","EC2AMAZ-ROE9IQD","6","CallsMetadata: waiting for report to generate sleep time [30]"
"2019-08-29T13:10:34.307Z","EC2AMAZ-ROE9IQD","6","CallsMetadata: report generated successfully"
"2019-08-29T13:12:36.897Z","EC2AMAZ-ROE9IQD","6","CallsMetadata: requests Completed Successfully"
"2019-08-29T13:10:01.016Z","EC2AMAZ-ROE9IQD","6","CallsMetadata: started execution"
"2019-08-29T13:10:02.011Z","EC2AMAZ-ROE9IQD","6","CallsMetadata: job response code: [200]"
"2019-08-29T13:10:02.011Z","EC2AMAZ-ROE9IQD","6","CallsMetadata: job status: [processing]"
"2019-08-29T13:10:34.658Z","EC2AMAZ-ROE9IQD","6","CallsMetadata: fetched [13] items"
"2019-08-29T13:10:34.659Z","EC2AMAZ-ROE9IQD","6","CallsMetadata: total data: [13]"
"2019-08-29T13:10:01.106Z","EC2AMAZ-ROE9IQD","6","CallsMetadata: DATE: [2019-08-29T10:50:00] to [2019-08-29T12:00:00.106101]"
"2019-08-29T13:10:34.307Z","EC2AMAZ-ROE9IQD","6","CallsMetadata: Getting Job status code [200]"
"2019-08-29T13:10:34.659Z","EC2AMAZ-ROE9IQD","6","CallsMetadata: <--initiating concurrent requests-->"
"2019-08-29T13:10:34.659Z","EC2AMAZ-ROE9IQD","6","CallsMetadata: chunk size: [3]"
"2019-08-29T13:10:34.660Z","EC2AMAZ-ROE9IQD","6","CallsMetadata: total threads: [5]"
"2019-08-29T13:10:34.846Z","EC2AMAZ-ROE9IQD","6","CallsMetadata: Deleted Successfully"
"2019-08-29T13:10:35.267Z","EC2AMAZ-ROE9IQD","6","CallsMetadata: total map_url: [4]"
"2019-08-29T13:10:35.269Z","EC2AMAZ-ROE9IQD","6","CallsMetadata: in missing values"
"2019-08-29T13:10:35.271Z","EC2AMAZ-ROE9IQD","6","CallsMetadata: missing values found: [0]"
"2019-08-29T13:10:01.868Z","EC2AMAZ-ROE9IQD","6","CallsMetadata: report job status:202"
"2019-08-29T13:10:01.868Z","EC2AMAZ-ROE9IQD","6","CallsMetadata: Job Created.."
"2019-08-29T13:10:01.016Z","EC2AMAZ-ROE9IQD","6","Calls metadata : de03dea3-1f7e-4c82-8aeb-6e7ed26df654"
"2019-08-29T13:10:33.434Z","EC2AMAZ-ROE9IQD","6","CallsMetadata: job response code: [200]"
"2019-08-29T13:10:33.434Z","EC2AMAZ-ROE9IQD","6","CallsMetadata: Getting Job Data-->"
"2019-08-29T13:10:34.646Z","EC2AMAZ-ROE9IQD","6","CallsMetadata: Proceed to delete the job"
"2019-08-29T13:10:34.646Z","EC2AMAZ-ROE9IQD","6","CallsMetadata: generating dataframe"
"2019-08-29T14:10:02.385Z","EC2AMAZ-ROE9IQD","6","CallsMetadata: Job Created.."
"2019-08-29T14:10:02.385Z","EC2AMAZ-ROE9IQD","6","CallsMetadata: job id: [5d67dcbaa80ef6000cdfafdb]"
"2019-08-29T14:10:02.730Z","EC2AMAZ-ROE9IQD","6","CallsMetadata: job status: [created]"
"2019-08-29T14:10:01.015Z","EC2AMAZ-ROE9IQD","6","Calls metadata : 0cc2c43c-ee93-4f92-83a9-d5864ef18aca"
"2019-08-29T14:10:01.015Z","EC2AMAZ-ROE9IQD","6","CallsMetadata: started execution"
"2019-08-29T14:10:39.335Z","EC2AMAZ-ROE9IQD","6","CallsMetadata: job failed --> response:503"
"2019-08-29T14:10:02.384Z","EC2AMAZ-ROE9IQD","6","CallsMetadata: report job status:202"
"2019-08-29T14:10:02.729Z","EC2AMAZ-ROE9IQD","6","CallsMetadata: job response code: [200]"
"2019-08-29T13:12:35.320Z","EC2AMAZ-ROE9IQD","6","CallsMetadata: [13] records to be inserted"
"2019-08-29T14:10:02.730Z","EC2AMAZ-ROE9IQD","6","CallsMetadata: job status response \n{""id"":""5d67dcbaa80ef6000cdfafdb"",""name"":""demoJob3"",""created_at"":""2019-08-29T14:10:02Z"",""status"":""created"",""timespan"":{""from"":""2019-08-29T11:57:32Z"",""to"":""2019-08-29T13:00:00Z""},""_links"":{""self"":{""href"":""https://api.talkdeskapp.com/reports/calls/jobs/5d67dcbaa80ef6000cdfafdb""},""files"":{""href"":""https://api.talkdeskapp.com/reports/calls/files/5d67dcbaa80ef6000cdfafdb""}}}"
"2019-08-29T14:10:02.730Z","EC2AMAZ-ROE9IQD","6","CallsMetadata: waiting for report to generate sleep time [30]"
"2019-08-29T14:10:34.291Z","EC2AMAZ-ROE9IQD","6","CallsMetadata: job response code: [200]"
"2019-08-29T14:10:39.325Z","EC2AMAZ-ROE9IQD","6","CallsMetadata: Getting Job status code [503]"
"2019-08-29T12:12:33.799Z","EC2AMAZ-ROE9IQD","6","CallsMetadata: [5] records to be inserted"
"2019-08-29T12:12:34.218Z","EC2AMAZ-ROE9IQD","6","CallsMetadata: requests Completed Successfully"
"2019-08-29T12:10:33.025Z","EC2AMAZ-ROE9IQD","6","CallsMetadata: Getting Job status code [200]"
"2019-08-29T12:10:33.381Z","EC2AMAZ-ROE9IQD","6","CallsMetadata: <--initiating concurrent requests-->"
"2019-08-29T12:10:33.758Z","EC2AMAZ-ROE9IQD","6","CallsMetadata: total map_url: [2]"
"2019-08-29T12:10:33.760Z","EC2AMAZ-ROE9IQD","6","CallsMetadata: in missing values"
"2019-08-29T12:10:01.015Z","EC2AMAZ-ROE9IQD","6","Calls metadata : d789df07-9099-495e-b66a-090e6794baee"
"2019-08-29T12:10:01.015Z","EC2AMAZ-ROE9IQD","6","CallsMetadata: started execution"
"2019-08-29T12:10:01.939Z","EC2AMAZ-ROE9IQD","6","CallsMetadata: job status response \n{""id"":""5d67c099457a210007514e6b"",""name"":""demoJob3"",""created_at"":""2019-08-29T12:10:01Z"",""status"":""created"",""timespan"":{""from"":""2019-08-29T09:05:16Z"",""to"":""2019-08-29T11:00:00Z""},""_links"":{""self"":{""href"":""https://api.talkdeskapp.com/reports/calls/jobs/5d67c099457a210007514e6b""},""files"":{""href"":""https://api.talkdeskapp.com/reports/calls/files/5d67c099457a210007514e6b""}}}"
"2019-08-29T11:10:01.016Z","EC2AMAZ-ROE9IQD","6","Calls metadata : 6e76a351-f60e-48bb-ac94-1b1b1a909308"
"2019-08-29T11:10:01.075Z","EC2AMAZ-ROE9IQD","6","CallsMetadata: DATE: [2019-08-29T07:49:51] to [2019-08-29T10:00:00.074511]"
"2019-08-29T11:10:32.895Z","EC2AMAZ-ROE9IQD","6","CallsMetadata: Getting Job status code [200]"
"2019-08-29T11:10:33.272Z","EC2AMAZ-ROE9IQD","6","CallsMetadata: chunk size: [1]"
"2019-08-29T11:10:33.272Z","EC2AMAZ-ROE9IQD","6","CallsMetadata: total threads: [2]"
"2019-08-29T11:10:33.454Z","EC2AMAZ-ROE9IQD","6","CallsMetadata: Deleted Successfully"
"2019-08-29T15:10:03.326Z","EC2AMAZ-ROE9IQD","6","CallsMetadata: job response code: [200]"
"2019-08-29T15:10:03.327Z","EC2AMAZ-ROE9IQD","6","CallsMetadata: job status: [processing]"
"2019-08-29T15:10:03.338Z","EC2AMAZ-ROE9IQD","6","CallsMetadata: job status response \n{""id"":""5d67eac9ef2fd6000f55aca4"",""name"":""demoJob3"",""created_at"":""2019-08-29T15:10:01Z"",""status"":""processing"",""timespan"":{""from"":""2019-08-29T11:57:32Z"",""to"":""2019-08-29T14:00:00Z""},""_links"":{""self"":{""href"":""https://api.talkdeskapp.com/reports/calls/jobs/5d67eac9ef2fd6000f55aca4""},""files"":{""href"":""https://api.talkdeskapp.com/reports/calls/files/5d67eac9ef2fd6000f55aca4""}}}"
"2019-08-29T15:10:01.019Z","EC2AMAZ-ROE9IQD","6","Calls metadata : f02ff772-d3fa-48a9-8d6d-e6c5ab9d5b7b"
"2019-08-29T15:10:34.738Z","EC2AMAZ-ROE9IQD","6","CallsMetadata: report generated successfully"
"2019-08-29T15:10:35.219Z","EC2AMAZ-ROE9IQD","6","CallsMetadata: total data: [171]"
"2019-08-29T15:10:35.219Z","EC2AMAZ-ROE9IQD","6","CallsMetadata: chunk size: [35]"
"2019-08-29T15:10:34.054Z","EC2AMAZ-ROE9IQD","6","CallsMetadata: job response code: [200]"
"2019-08-29T11:10:01.756Z","EC2AMAZ-ROE9IQD","6","CallsMetadata: report job status:202"
"2019-08-29T11:10:01.876Z","EC2AMAZ-ROE9IQD","6","CallsMetadata: job response code: [200]"
"2019-08-29T11:10:01.877Z","EC2AMAZ-ROE9IQD","6","CallsMetadata: job status response \n{""id"":""5d67b289aabd01000c0fbebf"",""name"":""demoJob3"",""created_at"":""2019-08-29T11:10:01Z"",""status"":""processing"",""timespan"":{""from"":""2019-08-29T07:49:51Z"",""to"":""2019-08-29T10:00:00Z""},""_links"":{""self"":{""href"":""https://api.talkdeskapp.com/reports/calls/jobs/5d67b289aabd01000c0fbebf""},""files"":{""href"":""https://api.talkdeskapp.com/reports/calls/files/5d67b289aabd01000c0fbebf""}}}"
"2019-08-29T11:10:01.877Z","EC2AMAZ-ROE9IQD","6","CallsMetadata: waiting for report to generate sleep time [30]"
"2019-08-29T11:10:01.016Z","EC2AMAZ-ROE9IQD","6","CallsMetadata: started execution"
"2019-08-29T11:10:34.183Z","EC2AMAZ-ROE9IQD","6","CallsMetadata: in missing values"
"2019-08-29T11:10:32.456Z","EC2AMAZ-ROE9IQD","6","CallsMetadata: job response code: [200]"
"2019-08-29T11:10:32.456Z","EC2AMAZ-ROE9IQD","6","CallsMetadata: Getting Job Data-->"
"2019-08-29T11:10:33.260Z","EC2AMAZ-ROE9IQD","6","CallsMetadata: generating dataframe"
"2019-08-29T11:10:01.756Z","EC2AMAZ-ROE9IQD","6","CallsMetadata: job id: [5d67b289aabd01000c0fbebf]"
"2019-08-29T11:10:01.877Z","EC2AMAZ-ROE9IQD","6","CallsMetadata: job status: [processing]"
"2019-08-29T11:10:34.181Z","EC2AMAZ-ROE9IQD","6","CallsMetadata: total map_url: [1]"
"2019-08-29T11:10:32.896Z","EC2AMAZ-ROE9IQD","6","CallsMetadata: report generated successfully"
"2019-08-29T11:10:33.271Z","EC2AMAZ-ROE9IQD","6","CallsMetadata: fetched [2] items"
"2019-08-29T11:10:33.272Z","EC2AMAZ-ROE9IQD","6","CallsMetadata: total data: [2]"
"2019-08-29T11:12:34.211Z","EC2AMAZ-ROE9IQD","6","CallsMetadata: [2] records to be inserted"
"2019-08-29T11:12:34.335Z","EC2AMAZ-ROE9IQD","6","CallsMetadata: requests Completed Successfully"
"2019-08-29T12:10:33.381Z","EC2AMAZ-ROE9IQD","6","CallsMetadata: total data: [5]"
"2019-08-29T12:10:33.369Z","EC2AMAZ-ROE9IQD","6","CallsMetadata: Proceed to delete the job"
"2019-08-29T12:10:33.559Z","EC2AMAZ-ROE9IQD","6","CallsMetadata: Deleted Successfully"
"2019-08-29T12:10:32.525Z","EC2AMAZ-ROE9IQD","6","CallsMetadata: job response code: [200]"
"2019-08-29T12:10:33.025Z","EC2AMAZ-ROE9IQD","6","CallsMetadata: report generated successfully"
"2019-08-29T15:13:27.786Z","EC2AMAZ-ROE9IQD","6","CallsMetadata: requests Completed Successfully"
"2019-08-29T18:10:03.175Z","EC2AMAZ-ROE9IQD","6","CallsMetadata: job status response \n{""id"":""5d6814f965080f000b8fe627"",""name"":""demoJob3"",""created_at"":""2019-08-29T18:10:01Z"",""status"":""processing"",""timespan"":{""from"":""2019-08-29T15:59:54Z"",""to"":""2019-08-29T17:00:00Z""},""_links"":{""self"":{""href"":""https://api.talkdeskapp.com/reports/calls/jobs/5d6814f965080f000b8fe627""},""files"":{""href"":""https://api.talkdeskapp.com/reports/calls/files/5d6814f965080f000b8fe627""}}}"
"2019-08-29T18:10:03.175Z","EC2AMAZ-ROE9IQD","6","CallsMetadata: waiting for report to generate sleep time [30]"
"2019-08-29T18:10:02.588Z","EC2AMAZ-ROE9IQD","6","CallsMetadata: report job status:202"
"2019-08-29T18:10:34.667Z","EC2AMAZ-ROE9IQD","6","CallsMetadata: job response code: [200]"
"2019-08-29T18:10:37.490Z","EC2AMAZ-ROE9IQD","6","CallsMetadata: Proceed to delete the job"
"2019-08-29T18:10:37.513Z","EC2AMAZ-ROE9IQD","6","CallsMetadata: fetched [237] items"
"2019-08-29T18:10:37.514Z","EC2AMAZ-ROE9IQD","6","CallsMetadata: total data: [237]"
"2019-08-29T18:10:01.011Z","EC2AMAZ-ROE9IQD","6","Calls metadata : 83bff6b6-cd63-4947-9f79-169e5421969a"
"2019-08-29T18:10:01.152Z","EC2AMAZ-ROE9IQD","6","CallsMetadata: DATE: [2019-08-29T15:59:54] to [2019-08-29T17:00:00.151439]"
"2019-08-29T18:10:02.589Z","EC2AMAZ-ROE9IQD","6","CallsMetadata: job id: [5d6814f965080f000b8fe627]"
"2019-08-29T18:12:54.356Z","EC2AMAZ-ROE9IQD","6","CallsMetadata: [237] records to be inserted"
"2019-08-29T18:10:54.311Z","EC2AMAZ-ROE9IQD","6","CallsMetadata: missing values found: [0]"
"2019-08-29T12:10:32.526Z","EC2AMAZ-ROE9IQD","6","CallsMetadata: Getting Job Data-->"
"2019-08-29T12:10:33.369Z","EC2AMAZ-ROE9IQD","6","CallsMetadata: generating dataframe"
"2019-08-29T12:10:33.382Z","EC2AMAZ-ROE9IQD","6","CallsMetadata: total threads: [5]"
"2019-08-29T12:10:01.806Z","EC2AMAZ-ROE9IQD","6","CallsMetadata: Job Created.."
"2019-08-29T16:10:02.801Z","EC2AMAZ-ROE9IQD","6","CallsMetadata: job status: [processing]"
"2019-08-29T16:10:33.620Z","EC2AMAZ-ROE9IQD","6","CallsMetadata: job response code: [200]"
"2019-08-29T16:10:34.917Z","EC2AMAZ-ROE9IQD","6","CallsMetadata: Proceed to delete the job"
"2019-08-29T16:10:34.937Z","EC2AMAZ-ROE9IQD","6","CallsMetadata: <--initiating concurrent requests-->"
"2019-08-29T16:10:34.938Z","EC2AMAZ-ROE9IQD","6","CallsMetadata: total data: [181]"
"2019-08-29T17:10:34.203Z","EC2AMAZ-ROE9IQD","6","CallsMetadata: total threads: [5]"
"2019-08-29T17:10:34.369Z","EC2AMAZ-ROE9IQD","6","CallsMetadata: Deleted Successfully"
"2019-08-29T17:10:01.977Z","EC2AMAZ-ROE9IQD","6","CallsMetadata: job id: [5d6806e9970f5c0012fbd16a]"
"2019-08-29T16:10:02.800Z","EC2AMAZ-ROE9IQD","6","CallsMetadata: job response code: [200]"
"2019-08-29T16:10:02.802Z","EC2AMAZ-ROE9IQD","6","CallsMetadata: waiting for report to generate sleep time [30]"
"2019-08-29T17:10:02.162Z","EC2AMAZ-ROE9IQD","6","CallsMetadata: job response code: [200]"
"2019-08-29T17:10:02.163Z","EC2AMAZ-ROE9IQD","6","CallsMetadata: job status response \n{""id"":""5d6806e9970f5c0012fbd16a"",""name"":""demoJob3"",""created_at"":""2019-08-29T17:10:01Z"",""status"":""processing"",""timespan"":{""from"":""2019-08-29T14:59:57Z"",""to"":""2019-08-29T16:00:00Z""},""_links"":{""self"":{""href"":""https://api.talkdeskapp.com/reports/calls/jobs/5d6806e9970f5c0012fbd16a""},""files"":{""href"":""https://api.talkdeskapp.com/reports/calls/files/5d6806e9970f5c0012fbd16a""}}}"
"2019-08-29T16:10:33.621Z","EC2AMAZ-ROE9IQD","6","CallsMetadata: Getting Job Data-->"
"2019-08-29T16:10:34.409Z","EC2AMAZ-ROE9IQD","6","CallsMetadata: report generated successfully"
"2019-08-29T16:10:34.937Z","EC2AMAZ-ROE9IQD","6","CallsMetadata: fetched [181] items"
"2019-08-29T16:10:34.938Z","EC2AMAZ-ROE9IQD","6","CallsMetadata: chunk size: [37]"
"2019-08-29T16:10:48.326Z","EC2AMAZ-ROE9IQD","6","CallsMetadata: total map_url: [143]"
"2019-08-29T16:10:48.335Z","EC2AMAZ-ROE9IQD","6","CallsMetadata: missing values found: [0]"
"2019-08-29T15:10:34.055Z","EC2AMAZ-ROE9IQD","6","CallsMetadata: Getting Job Data-->"
"2019-08-29T15:10:34.737Z","EC2AMAZ-ROE9IQD","6","CallsMetadata: Getting Job status code [200]"
"2019-08-29T15:10:35.218Z","EC2AMAZ-ROE9IQD","6","CallsMetadata: fetched [171] items"
"2019-08-29T15:10:35.218Z","EC2AMAZ-ROE9IQD","6","CallsMetadata: <--initiating concurrent requests-->"
"2019-08-29T17:13:29.606Z","EC2AMAZ-ROE9IQD","6","CallsMetadata: requests Completed Successfully"
"2019-08-29T18:10:01.012Z","EC2AMAZ-ROE9IQD","6","CallsMetadata: started execution"
"2019-08-29T18:10:37.490Z","EC2AMAZ-ROE9IQD","6","CallsMetadata: generating dataframe"
"2019-08-29T18:10:37.513Z","EC2AMAZ-ROE9IQD","6","CallsMetadata: <--initiating concurrent requests-->"
"2019-08-29T18:10:37.514Z","EC2AMAZ-ROE9IQD","6","CallsMetadata: chunk size: [48]"
"2019-08-29T18:10:37.514Z","EC2AMAZ-ROE9IQD","6","CallsMetadata: total threads: [5]"
"2019-08-29T18:10:36.009Z","EC2AMAZ-ROE9IQD","6","CallsMetadata: report generated successfully"
"2019-08-29T18:10:34.668Z","EC2AMAZ-ROE9IQD","6","CallsMetadata: Getting Job Data-->"
"2019-08-29T18:10:03.174Z","EC2AMAZ-ROE9IQD","6","CallsMetadata: job response code: [200]"
"2019-08-29T18:10:03.175Z","EC2AMAZ-ROE9IQD","6","CallsMetadata: job status: [processing]"
"2019-08-29T18:13:38.991Z","EC2AMAZ-ROE9IQD","6","CallsMetadata: requests Completed Successfully"
"2019-08-29T17:10:02.163Z","EC2AMAZ-ROE9IQD","6","CallsMetadata: waiting for report to generate sleep time [30]"
"2019-08-29T17:12:48.330Z","EC2AMAZ-ROE9IQD","6","CallsMetadata: [225] records to be inserted"
"2019-08-29T17:10:34.202Z","EC2AMAZ-ROE9IQD","6","CallsMetadata: chunk size: [45]"
"2019-08-29T17:10:32.892Z","EC2AMAZ-ROE9IQD","6","CallsMetadata: Getting Job Data-->"
"2019-08-29T17:10:48.261Z","EC2AMAZ-ROE9IQD","6","CallsMetadata: total map_url: [166]"
"2019-08-29T17:10:48.272Z","EC2AMAZ-ROE9IQD","6","CallsMetadata: in missing values"
"2019-08-29T16:10:34.408Z","EC2AMAZ-ROE9IQD","6","CallsMetadata: Getting Job status code [200]"
"2019-08-29T16:10:34.918Z","EC2AMAZ-ROE9IQD","6","CallsMetadata: generating dataframe"
"2019-08-29T18:10:54.300Z","EC2AMAZ-ROE9IQD","6","CallsMetadata: total map_url: [190]"
"2019-08-29T18:10:54.308Z","EC2AMAZ-ROE9IQD","6","CallsMetadata: in missing values"
"2019-08-29T15:10:01.020Z","EC2AMAZ-ROE9IQD","6","CallsMetadata: started execution"
"2019-08-29T15:10:01.133Z","EC2AMAZ-ROE9IQD","6","CallsMetadata: DATE: [2019-08-29T11:57:32] to [2019-08-29T14:00:00.132617]"
"2019-08-29T16:10:01.136Z","EC2AMAZ-ROE9IQD","6","CallsMetadata: DATE: [2019-08-29T13:59:34] to [2019-08-29T15:00:00.136352]"
"2019-08-29T16:10:02.801Z","EC2AMAZ-ROE9IQD","6","CallsMetadata: job status response \n{""id"":""5d67f8d9ef2fd6000f55acca"",""name"":""demoJob3"",""created_at"":""2019-08-29T16:10:01Z"",""status"":""processing"",""timespan"":{""from"":""2019-08-29T13:59:34Z"",""to"":""2019-08-29T15:00:00Z""},""_links"":{""self"":{""href"":""https://api.talkdeskapp.com/reports/calls/jobs/5d67f8d9ef2fd6000f55acca""},""files"":{""href"":""https://api.talkdeskapp.com/reports/calls/files/5d67f8d9ef2fd6000f55acca""}}}"
"2019-08-29T16:10:01.791Z","EC2AMAZ-ROE9IQD","6","CallsMetadata: Job Created.."
"2019-08-29T17:10:02.163Z","EC2AMAZ-ROE9IQD","6","CallsMetadata: job status: [processing]"
"2019-08-29T17:10:01.016Z","EC2AMAZ-ROE9IQD","6","CallsMetadata: started execution"
"2019-08-29T17:10:34.201Z","EC2AMAZ-ROE9IQD","6","CallsMetadata: fetched [225] items"
"2019-08-29T17:10:33.668Z","EC2AMAZ-ROE9IQD","6","CallsMetadata: Getting Job status code [200]"
"2019-08-29T15:10:49.973Z","EC2AMAZ-ROE9IQD","6","CallsMetadata: total map_url: [117]"
"2019-08-29T15:10:49.982Z","EC2AMAZ-ROE9IQD","6","CallsMetadata: missing values found: [0]"
"2019-08-29T15:12:50.021Z","EC2AMAZ-ROE9IQD","6","CallsMetadata: [171] records to be inserted"
"2019-08-29T15:10:35.200Z","EC2AMAZ-ROE9IQD","6","CallsMetadata: Proceed to delete the job"
"2019-08-29T15:10:35.220Z","EC2AMAZ-ROE9IQD","6","CallsMetadata: total threads: [5]"
"2019-08-29T19:10:01.193Z","EC2AMAZ-ROE9IQD","6","CallsMetadata: DATE: [2019-08-29T16:59:40] to [2019-08-29T18:00:00.193047]"
"2019-08-29T19:10:03.174Z","EC2AMAZ-ROE9IQD","6","CallsMetadata: job id: [5d68230aaabd01000c0fbfef]"
"2019-08-29T19:10:03.335Z","EC2AMAZ-ROE9IQD","6","CallsMetadata: job status response \n{""id"":""5d68230aaabd01000c0fbfef"",""name"":""demoJob3"",""created_at"":""2019-08-29T19:10:02Z"",""status"":""processing"",""timespan"":{""from"":""2019-08-29T16:59:40Z"",""to"":""2019-08-29T18:00:00Z""},""_links"":{""self"":{""href"":""https://api.talkdeskapp.com/reports/calls/jobs/5d68230aaabd01000c0fbfef""},""files"":{""href"":""https://api.talkdeskapp.com/reports/calls/files/5d68230aaabd01000c0fbfef""}}}"
"2019-08-29T15:10:49.979Z","EC2AMAZ-ROE9IQD","6","CallsMetadata: in missing values"
"2019-08-29T19:10:34.121Z","EC2AMAZ-ROE9IQD","6","CallsMetadata: job response code: [200]"
"2019-08-29T19:10:51.266Z","EC2AMAZ-ROE9IQD","6","CallsMetadata: in missing values"
"2019-08-29T15:10:01.915Z","EC2AMAZ-ROE9IQD","6","CallsMetadata: report job status:202"
"2019-08-29T15:10:03.339Z","EC2AMAZ-ROE9IQD","6","CallsMetadata: waiting for report to generate sleep time [30]"
"2019-08-29T19:10:34.979Z","EC2AMAZ-ROE9IQD","6","CallsMetadata: report generated successfully"
"2019-08-29T19:10:35.468Z","EC2AMAZ-ROE9IQD","6","CallsMetadata: generating dataframe"
"2019-08-29T19:10:35.488Z","EC2AMAZ-ROE9IQD","6","CallsMetadata: <--initiating concurrent requests-->"
"2019-08-29T19:10:37.059Z","EC2AMAZ-ROE9IQD","6","CallsMetadata: Deleted Successfully"
"2019-08-29T16:10:01.791Z","EC2AMAZ-ROE9IQD","6","CallsMetadata: report job status:202"
"2019-08-29T16:10:01.792Z","EC2AMAZ-ROE9IQD","6","CallsMetadata: job id: [5d67f8d9ef2fd6000f55acca]"
"2019-08-29T16:10:01.053Z","EC2AMAZ-ROE9IQD","6","Calls metadata : 7d87dbe2-7410-4192-8403-77ff935fdd53"
"2019-08-29T16:10:01.054Z","EC2AMAZ-ROE9IQD","6","CallsMetadata: started execution"
"2019-08-29T16:13:24.586Z","EC2AMAZ-ROE9IQD","6","CallsMetadata: requests Completed Successfully"
"2019-08-29T05:36:35.998Z","EC2AMAZ-ROE9IQD","6","UsersMetadata: Getting Job status code [200]"
"2019-08-29T05:36:36.746Z","EC2AMAZ-ROE9IQD","6","UsersMetadata: generating dataframe"
"2019-08-29T05:36:36.911Z","EC2AMAZ-ROE9IQD","6","UsersMetadata: Deleted Successfully"
"2019-08-29T05:36:35.105Z","EC2AMAZ-ROE9IQD","6","UsersMetadata: job response code: [200]"
"2019-08-29T05:36:35.106Z","EC2AMAZ-ROE9IQD","6","UsersMetadata: Getting Job Data-->"
"2019-08-29T16:10:48.332Z","EC2AMAZ-ROE9IQD","6","CallsMetadata: in missing values"
"2019-08-29T15:10:35.200Z","EC2AMAZ-ROE9IQD","6","CallsMetadata: generating dataframe"
"2019-08-29T15:10:35.398Z","EC2AMAZ-ROE9IQD","6","CallsMetadata: Deleted Successfully"
"2019-08-29T16:10:35.147Z","EC2AMAZ-ROE9IQD","6","CallsMetadata: Deleted Successfully"
"2019-08-29T16:10:34.939Z","EC2AMAZ-ROE9IQD","6","CallsMetadata: total threads: [5]"
"2019-08-29T16:12:48.429Z","EC2AMAZ-ROE9IQD","6","CallsMetadata: [181] records to be inserted"
"2019-08-29T17:10:01.015Z","EC2AMAZ-ROE9IQD","6","Calls metadata : ccdf2f30-b264-4f1d-9455-8bbc114eb0ef"
"2019-08-29T17:10:01.316Z","EC2AMAZ-ROE9IQD","6","CallsMetadata: DATE: [2019-08-29T14:59:57] to [2019-08-29T16:00:00.315746]"
"2019-08-29T17:10:01.976Z","EC2AMAZ-ROE9IQD","6","CallsMetadata: report job status:202"
"2019-08-29T17:10:01.976Z","EC2AMAZ-ROE9IQD","6","CallsMetadata: Job Created.."
"2019-08-29T17:10:48.276Z","EC2AMAZ-ROE9IQD","6","CallsMetadata: missing values found: [0]"
"2019-08-29T17:10:34.178Z","EC2AMAZ-ROE9IQD","6","CallsMetadata: Proceed to delete the job"
"2019-08-29T17:10:34.178Z","EC2AMAZ-ROE9IQD","6","CallsMetadata: generating dataframe"
"2019-08-29T17:10:34.202Z","EC2AMAZ-ROE9IQD","6","CallsMetadata: <--initiating concurrent requests-->"
"2019-08-29T17:10:34.202Z","EC2AMAZ-ROE9IQD","6","CallsMetadata: total data: [225]"
"2019-08-29T17:10:33.669Z","EC2AMAZ-ROE9IQD","6","CallsMetadata: report generated successfully"
"2019-08-29T17:10:32.892Z","EC2AMAZ-ROE9IQD","6","CallsMetadata: job response code: [200]"
"2019-08-29T19:10:35.488Z","EC2AMAZ-ROE9IQD","6","CallsMetadata: chunk size: [42]"
"2019-08-29T19:10:35.489Z","EC2AMAZ-ROE9IQD","6","CallsMetadata: total threads: [5]"
"2019-08-29T19:10:03.173Z","EC2AMAZ-ROE9IQD","6","CallsMetadata: report job status:202"
"2019-08-29T19:10:03.174Z","EC2AMAZ-ROE9IQD","6","CallsMetadata: Job Created.."
"2019-08-29T19:10:03.334Z","EC2AMAZ-ROE9IQD","6","CallsMetadata: job response code: [200]"
"2019-08-29T19:10:01.011Z","EC2AMAZ-ROE9IQD","6","CallsMetadata: started execution"
"2019-08-29T15:10:01.915Z","EC2AMAZ-ROE9IQD","6","CallsMetadata: Job Created.."
"2019-08-29T15:10:01.916Z","EC2AMAZ-ROE9IQD","6","CallsMetadata: job id: [5d67eac9ef2fd6000f55aca4]"
"2019-08-29T19:10:51.269Z","EC2AMAZ-ROE9IQD","6","CallsMetadata: missing values found: [0]"
"2019-08-29T18:10:36.009Z","EC2AMAZ-ROE9IQD","6","CallsMetadata: Getting Job status code [200]"
"2019-08-29T18:10:38.623Z","EC2AMAZ-ROE9IQD","6","CallsMetadata: Deleted Successfully"
"2019-08-29T18:10:02.589Z","EC2AMAZ-ROE9IQD","6","CallsMetadata: Job Created.."
"2019-08-29T20:10:01.109Z","EC2AMAZ-ROE9IQD","6","CallsMetadata: DATE: [2019-08-29T17:59:50] to [2019-08-29T19:00:00.108605]"
"2019-08-29T20:10:03.070Z","EC2AMAZ-ROE9IQD","6","CallsMetadata: report job status:202"
"2019-08-29T20:10:36.368Z","EC2AMAZ-ROE9IQD","6","CallsMetadata: Proceed to delete the job"
"2019-08-29T20:10:36.386Z","EC2AMAZ-ROE9IQD","6","CallsMetadata: <--initiating concurrent requests-->"
"2019-08-29T19:10:01.011Z","EC2AMAZ-ROE9IQD","6","Calls metadata : 55e544bb-7e44-427f-8e84-2c6f00fd57a0"
"2019-08-29T19:10:35.468Z","EC2AMAZ-ROE9IQD","6","CallsMetadata: Proceed to delete the job"
"2019-08-29T19:10:34.978Z","EC2AMAZ-ROE9IQD","6","CallsMetadata: Getting Job status code [200]"
"2019-08-29T19:10:51.259Z","EC2AMAZ-ROE9IQD","6","CallsMetadata: total map_url: [169]"
"2019-08-29T19:12:51.435Z","EC2AMAZ-ROE9IQD","6","CallsMetadata: [208] records to be inserted"
"2019-08-29T19:13:47.005Z","EC2AMAZ-ROE9IQD","6","CallsMetadata: requests Completed Successfully"
"2019-08-29T19:10:03.335Z","EC2AMAZ-ROE9IQD","6","CallsMetadata: job status: [processing]"
"2019-08-29T19:10:03.335Z","EC2AMAZ-ROE9IQD","6","CallsMetadata: waiting for report to generate sleep time [30]"
"2019-08-29T20:10:50.410Z","EC2AMAZ-ROE9IQD","6","CallsMetadata: total map_url: [161]"
"2019-08-29T20:10:50.422Z","EC2AMAZ-ROE9IQD","6","CallsMetadata: missing values found: [0]"
"2019-08-29T20:10:36.590Z","EC2AMAZ-ROE9IQD","6","CallsMetadata: Deleted Successfully"
"2019-08-29T20:10:36.387Z","EC2AMAZ-ROE9IQD","6","CallsMetadata: chunk size: [37]"
"2019-08-29T20:10:36.387Z","EC2AMAZ-ROE9IQD","6","CallsMetadata: total threads: [5]"
"2019-08-29T20:10:01.014Z","EC2AMAZ-ROE9IQD","6","CallsMetadata: started execution"
"2019-08-29T20:10:03.071Z","EC2AMAZ-ROE9IQD","6","CallsMetadata: Job Created.."
"2019-08-29T20:13:38.264Z","EC2AMAZ-ROE9IQD","6","CallsMetadata: requests Completed Successfully"
"2019-08-29T20:10:35.863Z","EC2AMAZ-ROE9IQD","6","CallsMetadata: Getting Job status code [200]"
"2019-08-29T20:10:36.368Z","EC2AMAZ-ROE9IQD","6","CallsMetadata: generating dataframe"
"2019-08-29T20:10:36.387Z","EC2AMAZ-ROE9IQD","6","CallsMetadata: total data: [182]"
"2019-08-29T20:10:03.072Z","EC2AMAZ-ROE9IQD","6","CallsMetadata: job id: [5d68311a65080f000b8fe661]"
"2019-08-29T20:10:03.599Z","EC2AMAZ-ROE9IQD","6","CallsMetadata: job status: [processing]"
"2019-08-29T20:10:03.600Z","EC2AMAZ-ROE9IQD","6","CallsMetadata: job status response \n{""id"":""5d68311a65080f000b8fe661"",""name"":""demoJob3"",""created_at"":""2019-08-29T20:10:02Z"",""status"":""processing"",""timespan"":{""from"":""2019-08-29T17:59:50Z"",""to"":""2019-08-29T19:00:00Z""},""_links"":{""self"":{""href"":""https://api.talkdeskapp.com/reports/calls/jobs/5d68311a65080f000b8fe661""},""files"":{""href"":""https://api.talkdeskapp.com/reports/calls/files/5d68311a65080f000b8fe661""}}}"
"2019-08-29T20:10:03.600Z","EC2AMAZ-ROE9IQD","6","CallsMetadata: waiting for report to generate sleep time [30]"
"2019-08-29T20:10:01.012Z","EC2AMAZ-ROE9IQD","6","Calls metadata : 3792c72e-ea47-483e-8b73-4f356477ddcd"
"2019-08-29T21:10:01.899Z","EC2AMAZ-ROE9IQD","6","CallsMetadata: job id: [5d683f29970f5c0012fbd1f4]"
"2019-08-29T21:10:02.051Z","EC2AMAZ-ROE9IQD","6","CallsMetadata: job status: [created]"
"2019-08-29T21:10:02.052Z","EC2AMAZ-ROE9IQD","6","CallsMetadata: job status response \n{""id"":""5d683f29970f5c0012fbd1f4"",""name"":""demoJob3"",""created_at"":""2019-08-29T21:10:01Z"",""status"":""created"",""timespan"":{""from"":""2019-08-29T18:59:36Z"",""to"":""2019-08-29T20:00:00Z""},""_links"":{""self"":{""href"":""https://api.talkdeskapp.com/reports/calls/jobs/5d683f29970f5c0012fbd1f4""},""files"":{""href"":""https://api.talkdeskapp.com/reports/calls/files/5d683f29970f5c0012fbd1f4""}}}"
"2019-08-29T21:10:02.052Z","EC2AMAZ-ROE9IQD","6","CallsMetadata: waiting for report to generate sleep time [30]"
"2019-08-29T07:10:33.737Z","EC2AMAZ-ROE9IQD","6","CallsMetadata: fetched [1] items"
"2019-08-29T07:10:33.737Z","EC2AMAZ-ROE9IQD","6","CallsMetadata: <--initiating concurrent requests-->"
"2019-08-29T20:10:03.599Z","EC2AMAZ-ROE9IQD","6","CallsMetadata: job response code: [200]"
"2019-08-29T20:10:50.420Z","EC2AMAZ-ROE9IQD","6","CallsMetadata: in missing values"
"2019-08-29T07:10:01.949Z","EC2AMAZ-ROE9IQD","6","CallsMetadata: job status: [created]"
"2019-08-29T20:10:35.215Z","EC2AMAZ-ROE9IQD","6","CallsMetadata: Getting Job Data-->"
"2019-08-29T20:10:35.864Z","EC2AMAZ-ROE9IQD","6","CallsMetadata: report generated successfully"
"2019-08-29T20:10:36.386Z","EC2AMAZ-ROE9IQD","6","CallsMetadata: fetched [182] items"
"2019-08-29T07:10:34.109Z","EC2AMAZ-ROE9IQD","6","CallsMetadata: missing values found: [0]"
"2019-08-29T21:12:49.960Z","EC2AMAZ-ROE9IQD","6","CallsMetadata: [188] records to be inserted"
"2019-08-29T21:10:49.786Z","EC2AMAZ-ROE9IQD","6","CallsMetadata: total map_url: [165]"
"2019-08-29T21:10:49.794Z","EC2AMAZ-ROE9IQD","6","CallsMetadata: missing values found: [1]"
"2019-08-29T09:10:01.757Z","EC2AMAZ-ROE9IQD","6","CallsMetadata: Job Created.."
"2019-08-29T09:10:01.757Z","EC2AMAZ-ROE9IQD","6","CallsMetadata: job id: [5d679669a80ef60007dfaf21]"
"2019-08-29T09:12:34.150Z","EC2AMAZ-ROE9IQD","6","CallsMetadata: requests Completed Successfully"
"2019-08-29T09:10:32.482Z","EC2AMAZ-ROE9IQD","6","CallsMetadata: Getting Job Data-->"
"2019-08-29T09:10:33.258Z","EC2AMAZ-ROE9IQD","6","CallsMetadata: Proceed to delete the job"
"2019-08-29T09:10:33.268Z","EC2AMAZ-ROE9IQD","6","CallsMetadata: <--initiating concurrent requests-->"
"2019-08-29T21:10:49.902Z","EC2AMAZ-ROE9IQD","6","failed recordingstatus code:[404] URL:[https://api.talkdeskapp.com/calls/5d6828180e84430035af9df0/recordings]"
"2019-08-29T22:10:01.791Z","EC2AMAZ-ROE9IQD","6","CallsMetadata: report job status:202"
"2019-08-29T22:10:01.927Z","EC2AMAZ-ROE9IQD","6","CallsMetadata: waiting for report to generate sleep time [30]"
"2019-08-29T21:10:34.264Z","EC2AMAZ-ROE9IQD","6","CallsMetadata: Getting Job status code [200]"
"2019-08-29T21:10:34.264Z","EC2AMAZ-ROE9IQD","6","CallsMetadata: report generated successfully"
"2019-08-29T21:10:34.968Z","EC2AMAZ-ROE9IQD","6","CallsMetadata: generating dataframe"
"2019-08-29T21:10:34.990Z","EC2AMAZ-ROE9IQD","6","CallsMetadata: total data: [188]"
"2019-08-29T21:10:35.152Z","EC2AMAZ-ROE9IQD","6","CallsMetadata: Deleted Successfully"
"2019-08-29T22:10:33.868Z","EC2AMAZ-ROE9IQD","6","CallsMetadata: Proceed to delete the job"
"2019-08-29T21:10:01.012Z","EC2AMAZ-ROE9IQD","6","Calls metadata : f08535f1-8aec-421b-a441-0a09ec55d1bf"
"2019-08-29T21:10:01.153Z","EC2AMAZ-ROE9IQD","6","CallsMetadata: DATE: [2019-08-29T18:59:36] to [2019-08-29T20:00:00.153444]"
"2019-08-29T22:10:46.881Z","EC2AMAZ-ROE9IQD","6","CallsMetadata: total map_url: [142]"
"2019-08-29T22:10:01.011Z","EC2AMAZ-ROE9IQD","6","Calls metadata : b39d4db1-219b-43ed-84d9-13ea58099b14"
"2019-08-29T22:10:01.791Z","EC2AMAZ-ROE9IQD","6","CallsMetadata: job id: [5d684d39334221000c64733a]"
"2019-08-29T22:10:01.926Z","EC2AMAZ-ROE9IQD","6","CallsMetadata: job response code: [200]"
"2019-08-29T22:10:01.927Z","EC2AMAZ-ROE9IQD","6","CallsMetadata: job status response \n{""id"":""5d684d39334221000c64733a"",""name"":""demoJob3"",""created_at"":""2019-08-29T22:10:01Z"",""status"":""created"",""timespan"":{""from"":""2019-08-29T19:59:24Z"",""to"":""2019-08-29T21:00:00Z""},""_links"":{""self"":{""href"":""https://api.talkdeskapp.com/reports/calls/jobs/5d684d39334221000c64733a""},""files"":{""href"":""https://api.talkdeskapp.com/reports/calls/files/5d684d39334221000c64733a""}}}"
"2019-08-29T22:10:32.785Z","EC2AMAZ-ROE9IQD","6","CallsMetadata: Getting Job Data-->"
"2019-08-29T22:10:46.887Z","EC2AMAZ-ROE9IQD","6","CallsMetadata: in missing values"
"2019-08-29T21:13:23.052Z","EC2AMAZ-ROE9IQD","6","CallsMetadata: requests Completed Successfully"
"2019-08-29T21:10:49.791Z","EC2AMAZ-ROE9IQD","6","CallsMetadata: in missing values"
"2019-08-29T21:10:34.989Z","EC2AMAZ-ROE9IQD","6","CallsMetadata: fetched [188] items"
"2019-08-29T06:10:01.979Z","EC2AMAZ-ROE9IQD","6","CallsMetadata: report job status:202"
"2019-08-29T06:10:01.980Z","EC2AMAZ-ROE9IQD","6","CallsMetadata: job id: [5d676c39970f5c0007fbcfca]"
"2019-08-29T06:10:02.147Z","EC2AMAZ-ROE9IQD","6","CallsMetadata: job status: [created]"
"2019-08-29T06:10:02.148Z","EC2AMAZ-ROE9IQD","6","CallsMetadata: waiting for report to generate sleep time [30]"
"2019-08-29T06:10:01.015Z","EC2AMAZ-ROE9IQD","6","Calls metadata : 7e094528-b770-483a-951b-da19290a4068"
"2019-08-29T06:10:01.015Z","EC2AMAZ-ROE9IQD","6","CallsMetadata: started execution"
"2019-08-29T06:10:34.265Z","EC2AMAZ-ROE9IQD","6","CallsMetadata: Deleted Successfully"
"2019-08-29T06:10:34.463Z","EC2AMAZ-ROE9IQD","6","CallsMetadata: in missing values"
"2019-08-29T05:10:33.405Z","EC2AMAZ-ROE9IQD","6","CallsMetadata: generating dataframe"
"2019-08-29T22:13:02.621Z","EC2AMAZ-ROE9IQD","6","CallsMetadata: requests Completed Successfully"
"2019-08-29T22:10:01.011Z","EC2AMAZ-ROE9IQD","6","CallsMetadata: started execution"
"2019-08-29T22:10:32.785Z","EC2AMAZ-ROE9IQD","6","CallsMetadata: job response code: [200]"
"2019-08-29T22:10:33.412Z","EC2AMAZ-ROE9IQD","6","CallsMetadata: report generated successfully"
"2019-08-29T22:10:33.868Z","EC2AMAZ-ROE9IQD","6","CallsMetadata: generating dataframe"
"2019-08-29T22:10:33.885Z","EC2AMAZ-ROE9IQD","6","CallsMetadata: fetched [169] items"
"2019-08-29T22:10:33.886Z","EC2AMAZ-ROE9IQD","6","CallsMetadata: total data: [169]"
"2019-08-29T22:10:33.886Z","EC2AMAZ-ROE9IQD","6","CallsMetadata: chunk size: [34]"
"2019-08-29T22:10:01.791Z","EC2AMAZ-ROE9IQD","6","CallsMetadata: Job Created.."
"2019-08-29T22:10:01.926Z","EC2AMAZ-ROE9IQD","6","CallsMetadata: job status: [created]"
"2019-08-29T22:10:01.100Z","EC2AMAZ-ROE9IQD","6","CallsMetadata: DATE: [2019-08-29T19:59:24] to [2019-08-29T21:00:00.100054]"
"2019-08-29T22:12:46.936Z","EC2AMAZ-ROE9IQD","6","CallsMetadata: [169] records to be inserted"
"2019-08-29T22:10:46.890Z","EC2AMAZ-ROE9IQD","6","CallsMetadata: missing values found: [0]"
"2019-08-29T05:10:01.014Z","EC2AMAZ-ROE9IQD","6","CallsMetadata: started execution"
"2019-08-29T05:10:01.973Z","EC2AMAZ-ROE9IQD","6","CallsMetadata: waiting for report to generate sleep time [30]"
"2019-08-29T22:10:33.412Z","EC2AMAZ-ROE9IQD","6","CallsMetadata: Getting Job status code [200]"
"2019-08-29T22:10:33.886Z","EC2AMAZ-ROE9IQD","6","CallsMetadata: <--initiating concurrent requests-->"
"2019-08-29T22:10:33.887Z","EC2AMAZ-ROE9IQD","6","CallsMetadata: total threads: [5]"
"2019-08-29T22:10:34.042Z","EC2AMAZ-ROE9IQD","6","CallsMetadata: Deleted Successfully"
"2019-08-29T23:10:32.725Z","EC2AMAZ-ROE9IQD","6","CallsMetadata: Getting Job Data-->"
"2019-08-29T23:10:34.216Z","EC2AMAZ-ROE9IQD","6","CallsMetadata: total threads: [5]"
"2019-08-29T23:10:01.122Z","EC2AMAZ-ROE9IQD","6","CallsMetadata: DATE: [2019-08-29T20:59:53] to [2019-08-29T22:00:00.121659]"
"2019-08-29T23:10:01.826Z","EC2AMAZ-ROE9IQD","6","CallsMetadata: report job status:202"
"2019-08-29T06:12:34.496Z","EC2AMAZ-ROE9IQD","6","CallsMetadata: [4] records to be inserted"
"2019-08-29T05:31:33.077Z","EC2AMAZ-ROE9IQD","6","UsersMetadata: job response code: [200]"
"2019-08-29T05:31:33.078Z","EC2AMAZ-ROE9IQD","6","{'created_at': '2019-08-29T05:30:02Z', 'id': '5d6762dada1abe0007a51aee', '_links': {'self': {'href': 'https://api.talkdeskapp.com/reports/user_status/jobs/5d6762dada1abe0007a51aee'}, 'files': {'href': 'https://api.talkdeskapp.com/reports/user_status/files/5d6762dada1abe0007a51aee'}}, 'name': 'demoJob3', 'status': 'processing', 'timespan': {'to': '2019-08-28T23:59:59Z', 'from': '2019-08-28T00:00:00Z'}}"
"2019-08-29T05:30:02.123Z","EC2AMAZ-ROE9IQD","6","UsersMetadata: report job status:202"
"2019-08-29T05:30:02.124Z","EC2AMAZ-ROE9IQD","6","UsersMetadata: job id: [5d6762dada1abe0007a51aee]"
"2019-08-29T05:30:02.296Z","EC2AMAZ-ROE9IQD","6","UsersMetadata: job response code: [200]"
"2019-08-29T05:30:02.298Z","EC2AMAZ-ROE9IQD","6","UsersMetadata: job status response \n{""id"":""5d6762dada1abe0007a51aee"",""name"":""demoJob3"",""created_at"":""2019-08-29T05:30:02Z"",""status"":""created"",""timespan"":{""from"":""2019-08-28T00:00:00Z"",""to"":""2019-08-28T23:59:59Z""},""_links"":{""self"":{""href"":""https://api.talkdeskapp.com/reports/user_status/jobs/5d6762dada1abe0007a51aee""},""files"":{""href"":""https://api.talkdeskapp.com/reports/user_status/files/5d6762dada1abe0007a51aee""}}}"
"2019-08-29T23:10:33.430Z","EC2AMAZ-ROE9IQD","6","CallsMetadata: report generated successfully"
"2019-08-29T23:10:34.215Z","EC2AMAZ-ROE9IQD","6","CallsMetadata: fetched [153] items"
"2019-08-29T23:10:34.215Z","EC2AMAZ-ROE9IQD","6","CallsMetadata: <--initiating concurrent requests-->"
"2019-08-29T23:10:45.115Z","EC2AMAZ-ROE9IQD","6","CallsMetadata: in missing values"
"2019-08-29T20:10:35.215Z","EC2AMAZ-ROE9IQD","6","CallsMetadata: job response code: [200]"
"2019-08-29T23:10:01.015Z","EC2AMAZ-ROE9IQD","6","Calls metadata : 581bd2a2-f759-4448-a5e4-a9617dca7e2b"
"2019-08-29T23:10:01.827Z","EC2AMAZ-ROE9IQD","6","CallsMetadata: Job Created.."
"2019-08-29T23:10:01.828Z","EC2AMAZ-ROE9IQD","6","CallsMetadata: job id: [5d685b4965080f00078fe6f6]"
"2019-08-29T23:10:01.966Z","EC2AMAZ-ROE9IQD","6","CallsMetadata: job status response \n{""id"":""5d685b4965080f00078fe6f6"",""name"":""demoJob3"",""created_at"":""2019-08-29T23:10:01Z"",""status"":""processing"",""timespan"":{""from"":""2019-08-29T20:59:53Z"",""to"":""2019-08-29T22:00:00Z""},""_links"":{""self"":{""href"":""https://api.talkdeskapp.com/reports/calls/jobs/5d685b4965080f00078fe6f6""},""files"":{""href"":""https://api.talkdeskapp.com/reports/calls/files/5d685b4965080f00078fe6f6""}}}"
"2019-08-29T08:10:32.654Z","EC2AMAZ-ROE9IQD","6","CallsMetadata: job response code: [200]"
"2019-08-29T08:10:32.654Z","EC2AMAZ-ROE9IQD","6","CallsMetadata: Getting Job Data-->"
"2019-08-29T08:10:33.464Z","EC2AMAZ-ROE9IQD","6","CallsMetadata: <--initiating concurrent requests-->"
"2019-08-29T08:10:33.912Z","EC2AMAZ-ROE9IQD","6","CallsMetadata: in missing values"
"2019-08-29T20:12:50.573Z","EC2AMAZ-ROE9IQD","6","CallsMetadata: [182] records to be inserted"
"2019-08-29T08:10:01.751Z","EC2AMAZ-ROE9IQD","6","CallsMetadata: Job Created.."
"2019-08-29T23:10:45.110Z","EC2AMAZ-ROE9IQD","6","CallsMetadata: total map_url: [122]"
"2019-08-29T23:10:35.924Z","EC2AMAZ-ROE9IQD","6","CallsMetadata: Deleted Successfully"
"2019-08-29T23:10:33.429Z","EC2AMAZ-ROE9IQD","6","CallsMetadata: Getting Job status code [200]"
"2019-08-29T23:10:34.196Z","EC2AMAZ-ROE9IQD","6","CallsMetadata: Proceed to delete the job"
"2019-08-29T23:10:34.197Z","EC2AMAZ-ROE9IQD","6","CallsMetadata: generating dataframe"
"2019-08-29T23:10:34.215Z","EC2AMAZ-ROE9IQD","6","CallsMetadata: total data: [153]"
"2019-08-29T23:10:34.216Z","EC2AMAZ-ROE9IQD","6","CallsMetadata: chunk size: [31]"
"2019-08-29T23:10:01.965Z","EC2AMAZ-ROE9IQD","6","CallsMetadata: job status: [processing]"
"2019-08-29T21:10:33.487Z","EC2AMAZ-ROE9IQD","6","CallsMetadata: job response code: [200]"
"2019-08-29T21:10:33.488Z","EC2AMAZ-ROE9IQD","6","CallsMetadata: Getting Job Data-->"
"2019-08-29T21:10:34.990Z","EC2AMAZ-ROE9IQD","6","CallsMetadata: chunk size: [38]"
"2019-08-29T21:10:34.991Z","EC2AMAZ-ROE9IQD","6","CallsMetadata: total threads: [5]"
"2019-08-29T05:10:32.555Z","EC2AMAZ-ROE9IQD","6","CallsMetadata: Getting Job Data-->"
"2019-08-29T05:10:33.416Z","EC2AMAZ-ROE9IQD","6","CallsMetadata: fetched [5] items"
"2019-08-29T05:10:33.417Z","EC2AMAZ-ROE9IQD","6","CallsMetadata: chunk size: [1]"
"2019-08-29T05:10:01.853Z","EC2AMAZ-ROE9IQD","6","CallsMetadata: report job status:202"
"2019-08-29T05:10:01.853Z","EC2AMAZ-ROE9IQD","6","CallsMetadata: job id: [5d675e29da1abe000ca51ac8]"
"2019-08-29T05:10:01.973Z","EC2AMAZ-ROE9IQD","6","CallsMetadata: job status response \n{""id"":""5d675e29da1abe000ca51ac8"",""name"":""demoJob3"",""created_at"":""2019-08-29T05:10:01Z"",""status"":""processing"",""timespan"":{""from"":""2019-08-29T02:56:49Z"",""to"":""2019-08-29T04:00:00Z""},""_links"":{""self"":{""href"":""https://api.talkdeskapp.com/reports/calls/jobs/5d675e29da1abe000ca51ac8""},""files"":{""href"":""https://api.talkdeskapp.com/reports/calls/files/5d675e29da1abe000ca51ac8""}}}"
"2019-08-29T10:10:32.605Z","EC2AMAZ-ROE9IQD","6","CallsMetadata: job response code: [200]"
"2019-08-29T10:10:33.074Z","EC2AMAZ-ROE9IQD","6","CallsMetadata: report generated successfully"
"2019-08-29T10:10:33.411Z","EC2AMAZ-ROE9IQD","6","CallsMetadata: in missing values"
"2019-08-29T10:10:33.584Z","EC2AMAZ-ROE9IQD","6","CallsMetadata: Deleted Successfully"
"2019-08-29T05:10:33.770Z","EC2AMAZ-ROE9IQD","6","CallsMetadata: in missing values"
"2019-08-29T10:10:01.820Z","EC2AMAZ-ROE9IQD","6","CallsMetadata: job id: [5d67a479970f5c0007fbd041]"
"2019-08-29T10:10:01.991Z","EC2AMAZ-ROE9IQD","6","CallsMetadata: job status: [created]"
"2019-08-30T00:10:01.013Z","EC2AMAZ-ROE9IQD","6","CallsMetadata: started execution"
"2019-08-30T00:10:01.083Z","EC2AMAZ-ROE9IQD","6","CallsMetadata: DATE: [2019-08-29T21:58:21] to [2019-08-29T23:00:00.082637]"
"2019-08-30T00:10:02.001Z","EC2AMAZ-ROE9IQD","6","CallsMetadata: job status response \n{""id"":""5d686959457a210007515018"",""name"":""demoJob3"",""created_at"":""2019-08-30T00:10:01Z"",""status"":""processing"",""timespan"":{""from"":""2019-08-29T21:58:21Z"",""to"":""2019-08-29T23:00:00Z""},""_links"":{""self"":{""href"":""https://api.talkdeskapp.com/reports/calls/jobs/5d686959457a210007515018""},""files"":{""href"":""https://api.talkdeskapp.com/reports/calls/files/5d686959457a210007515018""}}}"
"2019-08-30T00:10:02.002Z","EC2AMAZ-ROE9IQD","6","CallsMetadata: waiting for report to generate sleep time [30]"
"2019-08-30T00:10:01.767Z","EC2AMAZ-ROE9IQD","6","CallsMetadata: Job Created.."
"2019-08-30T00:10:01.767Z","EC2AMAZ-ROE9IQD","6","CallsMetadata: job id: [5d686959457a210007515018]"
"2019-08-30T00:10:43.910Z","EC2AMAZ-ROE9IQD","6","CallsMetadata: in missing values"
"2019-08-30T00:10:33.198Z","EC2AMAZ-ROE9IQD","6","CallsMetadata: report generated successfully"
"2019-08-30T00:10:33.648Z","EC2AMAZ-ROE9IQD","6","CallsMetadata: <--initiating concurrent requests-->"
"2019-08-29T23:13:03.320Z","EC2AMAZ-ROE9IQD","6","CallsMetadata: requests Completed Successfully"
"2019-08-30T00:10:01.766Z","EC2AMAZ-ROE9IQD","6","CallsMetadata: report job status:202"
"2019-08-30T00:10:02.000Z","EC2AMAZ-ROE9IQD","6","CallsMetadata: job response code: [200]"
"2019-08-30T00:10:02.001Z","EC2AMAZ-ROE9IQD","6","CallsMetadata: job status: [processing]"
"2019-08-30T00:10:01.013Z","EC2AMAZ-ROE9IQD","6","Calls metadata : 7982706f-e5c3-44aa-8bb5-d4304264225e"
"2019-08-29T08:10:33.454Z","EC2AMAZ-ROE9IQD","6","CallsMetadata: Proceed to delete the job"
"2019-08-29T08:10:33.464Z","EC2AMAZ-ROE9IQD","6","CallsMetadata: fetched [3] items"
"2019-08-29T08:10:33.465Z","EC2AMAZ-ROE9IQD","6","CallsMetadata: total data: [3]"
"2019-08-29T08:10:33.465Z","EC2AMAZ-ROE9IQD","6","CallsMetadata: total threads: [3]"
"2019-08-29T08:10:33.914Z","EC2AMAZ-ROE9IQD","6","CallsMetadata: missing values found: [0]"
"2019-08-29T08:12:34.251Z","EC2AMAZ-ROE9IQD","6","CallsMetadata: requests Completed Successfully"
"2019-08-29T08:10:01.887Z","EC2AMAZ-ROE9IQD","6","CallsMetadata: job status response \n{""id"":""5d678859ef2fd6000f55ab96"",""name"":""demoJob3"",""created_at"":""2019-08-29T08:10:01Z"",""status"":""created"",""timespan"":{""from"":""2019-08-29T04:57:34Z"",""to"":""2019-08-29T07:00:00Z""},""_links"":{""self"":{""href"":""https://api.talkdeskapp.com/reports/calls/jobs/5d678859ef2fd6000f55ab96""},""files"":{""href"":""https://api.talkdeskapp.com/reports/calls/files/5d678859ef2fd6000f55ab96""}}}"
"2019-08-29T08:10:01.013Z","EC2AMAZ-ROE9IQD","6","CallsMetadata: started execution"
"2019-08-29T08:10:01.072Z","EC2AMAZ-ROE9IQD","6","CallsMetadata: DATE: [2019-08-29T04:57:34] to [2019-08-29T07:00:00.072055]"
"2019-08-29T07:12:34.497Z","EC2AMAZ-ROE9IQD","6","CallsMetadata: requests Completed Successfully"
"2019-08-29T21:10:01.898Z","EC2AMAZ-ROE9IQD","6","CallsMetadata: report job status:202"
"2019-08-29T21:10:01.899Z","EC2AMAZ-ROE9IQD","6","CallsMetadata: Job Created.."
"2019-08-29T21:10:02.051Z","EC2AMAZ-ROE9IQD","6","CallsMetadata: job response code: [200]"
"2019-08-29T21:10:34.968Z","EC2AMAZ-ROE9IQD","6","CallsMetadata: Proceed to delete the job"
"2019-08-29T21:10:34.989Z","EC2AMAZ-ROE9IQD","6","CallsMetadata: <--initiating concurrent requests-->"
"2019-08-29T21:10:01.015Z","EC2AMAZ-ROE9IQD","6","CallsMetadata: started execution"
"2019-08-29T19:10:34.122Z","EC2AMAZ-ROE9IQD","6","CallsMetadata: Getting Job Data-->"
"2019-08-29T19:10:35.487Z","EC2AMAZ-ROE9IQD","6","CallsMetadata: fetched [208] items"
"2019-08-29T19:10:35.488Z","EC2AMAZ-ROE9IQD","6","CallsMetadata: total data: [208]"
"2019-08-29T23:12:45.157Z","EC2AMAZ-ROE9IQD","6","CallsMetadata: [153] records to be inserted"
"2019-08-30T01:10:35.925Z","EC2AMAZ-ROE9IQD","6","CallsMetadata: Proceed to delete the job"
"2019-08-30T01:10:35.938Z","EC2AMAZ-ROE9IQD","6","CallsMetadata: <--initiating concurrent requests-->"
"2019-08-30T01:10:04.301Z","EC2AMAZ-ROE9IQD","6","CallsMetadata: job status: [processing]"
"2019-08-30T01:10:04.301Z","EC2AMAZ-ROE9IQD","6","CallsMetadata: job status response \n{""id"":""5d68776aaabd0100070fc0e2"",""name"":""demoJob3"",""created_at"":""2019-08-30T01:10:02Z"",""status"":""processing"",""timespan"":{""from"":""2019-08-29T22:59:50Z"",""to"":""2019-08-30T00:00:00Z""},""_links"":{""self"":{""href"":""https://api.talkdeskapp.com/reports/calls/jobs/5d68776aaabd0100070fc0e2""},""files"":{""href"":""https://api.talkdeskapp.com/reports/calls/files/5d68776aaabd0100070fc0e2""}}}"
"2019-08-30T01:10:04.302Z","EC2AMAZ-ROE9IQD","6","CallsMetadata: waiting for report to generate sleep time [30]"
"2019-08-29T06:10:33.751Z","EC2AMAZ-ROE9IQD","6","CallsMetadata: Getting Job status code [200]"
"2019-08-29T06:10:34.090Z","EC2AMAZ-ROE9IQD","6","CallsMetadata: generating dataframe"
"2019-08-29T06:10:32.777Z","EC2AMAZ-ROE9IQD","6","CallsMetadata: job response code: [200]"
"2019-08-29T06:10:32.777Z","EC2AMAZ-ROE9IQD","6","CallsMetadata: Getting Job Data-->"
"2019-08-29T06:10:34.466Z","EC2AMAZ-ROE9IQD","6","CallsMetadata: missing values found: [0]"
"2019-08-30T01:10:40.762Z","EC2AMAZ-ROE9IQD","6","CallsMetadata: in missing values"
"2019-08-30T01:10:40.765Z","EC2AMAZ-ROE9IQD","6","CallsMetadata: missing values found: [0]"
"2019-08-30T00:12:56.734Z","EC2AMAZ-ROE9IQD","6","CallsMetadata: requests Completed Successfully"
"2019-08-29T06:10:02.148Z","EC2AMAZ-ROE9IQD","6","CallsMetadata: job status response \n{""id"":""5d676c39970f5c0007fbcfca"",""name"":""demoJob3"",""created_at"":""2019-08-29T06:10:01Z"",""status"":""created"",""timespan"":{""from"":""2019-08-29T03:46:17Z"",""to"":""2019-08-29T05:00:00Z""},""_links"":{""self"":{""href"":""https://api.talkdeskapp.com/reports/calls/jobs/5d676c39970f5c0007fbcfca""},""files"":{""href"":""https://api.talkdeskapp.com/reports/calls/files/5d676c39970f5c0007fbcfca""}}}"
"2019-08-29T06:10:01.980Z","EC2AMAZ-ROE9IQD","6","CallsMetadata: Job Created.."
"2019-08-30T00:10:32.646Z","EC2AMAZ-ROE9IQD","6","CallsMetadata: Getting Job Data-->"
"2019-08-30T00:10:33.633Z","EC2AMAZ-ROE9IQD","6","CallsMetadata: Proceed to delete the job"
"2019-08-30T00:10:33.633Z","EC2AMAZ-ROE9IQD","6","CallsMetadata: generating dataframe"
"2019-08-30T00:10:33.648Z","EC2AMAZ-ROE9IQD","6","CallsMetadata: fetched [133] items"
"2019-08-30T00:10:33.649Z","EC2AMAZ-ROE9IQD","6","CallsMetadata: total data: [133]"
"2019-08-30T00:10:33.649Z","EC2AMAZ-ROE9IQD","6","CallsMetadata: chunk size: [27]"
"2019-08-30T00:10:33.649Z","EC2AMAZ-ROE9IQD","6","CallsMetadata: total threads: [5]"
"2019-08-30T00:10:43.905Z","EC2AMAZ-ROE9IQD","6","CallsMetadata: total map_url: [82]"
"2019-08-30T00:10:33.810Z","EC2AMAZ-ROE9IQD","6","CallsMetadata: Deleted Successfully"
"2019-08-30T01:10:01.012Z","EC2AMAZ-ROE9IQD","6","Calls metadata : 43ff9350-0d2f-47e3-a64d-712f48d9a97c"
"2019-08-30T01:10:01.084Z","EC2AMAZ-ROE9IQD","6","CallsMetadata: DATE: [2019-08-29T22:59:50] to [2019-08-30T00:00:00.083561]"
"2019-08-30T01:10:03.352Z","EC2AMAZ-ROE9IQD","6","CallsMetadata: report job status:202"
"2019-08-30T01:10:03.354Z","EC2AMAZ-ROE9IQD","6","CallsMetadata: job id: [5d68776aaabd0100070fc0e2]"
"2019-08-30T01:10:40.758Z","EC2AMAZ-ROE9IQD","6","CallsMetadata: total map_url: [49]"
"2019-08-30T01:10:35.925Z","EC2AMAZ-ROE9IQD","6","CallsMetadata: generating dataframe"
"2019-08-30T00:10:32.645Z","EC2AMAZ-ROE9IQD","6","CallsMetadata: job response code: [200]"
"2019-08-30T00:10:33.198Z","EC2AMAZ-ROE9IQD","6","CallsMetadata: Getting Job status code [200]"
"2019-08-30T00:12:44.061Z","EC2AMAZ-ROE9IQD","6","CallsMetadata: [133] records to be inserted"
"2019-08-30T01:10:34.972Z","EC2AMAZ-ROE9IQD","6","CallsMetadata: Getting Job Data-->"
"2019-08-30T01:10:35.497Z","EC2AMAZ-ROE9IQD","6","CallsMetadata: report generated successfully"
"2019-08-30T01:10:35.939Z","EC2AMAZ-ROE9IQD","6","CallsMetadata: total threads: [5]"
"2019-08-30T01:10:04.300Z","EC2AMAZ-ROE9IQD","6","CallsMetadata: job response code: [200]"
"2019-08-30T01:10:01.012Z","EC2AMAZ-ROE9IQD","6","CallsMetadata: started execution"
"2019-08-30T00:10:43.912Z","EC2AMAZ-ROE9IQD","6","CallsMetadata: missing values found: [1]"
"2019-08-30T00:10:44.022Z","EC2AMAZ-ROE9IQD","6","failed recordingstatus code:[404] URL:[https://api.talkdeskapp.com/calls/5d68562483fde6001fa1f09b/recordings]"
"2019-08-29T23:10:32.725Z","EC2AMAZ-ROE9IQD","6","CallsMetadata: job response code: [200]"
"2019-08-29T23:10:01.016Z","EC2AMAZ-ROE9IQD","6","CallsMetadata: started execution"
"2019-08-29T23:10:01.965Z","EC2AMAZ-ROE9IQD","6","CallsMetadata: job response code: [200]"
"2019-08-29T23:10:01.966Z","EC2AMAZ-ROE9IQD","6","CallsMetadata: waiting for report to generate sleep time [30]"
"2019-08-29T23:10:45.118Z","EC2AMAZ-ROE9IQD","6","CallsMetadata: missing values found: [0]"
"2019-08-30T01:10:03.353Z","EC2AMAZ-ROE9IQD","6","CallsMetadata: Job Created.."
"2019-08-30T01:10:36.163Z","EC2AMAZ-ROE9IQD","6","CallsMetadata: Deleted Successfully"
"2019-08-30T01:10:34.971Z","EC2AMAZ-ROE9IQD","6","CallsMetadata: job response code: [200]"
"2019-08-30T01:10:35.497Z","EC2AMAZ-ROE9IQD","6","CallsMetadata: Getting Job status code [200]"
"2019-08-30T01:10:35.938Z","EC2AMAZ-ROE9IQD","6","CallsMetadata: fetched [65] items"
"2019-08-30T01:10:35.939Z","EC2AMAZ-ROE9IQD","6","CallsMetadata: total data: [65]"
"2019-08-30T01:10:35.939Z","EC2AMAZ-ROE9IQD","6","CallsMetadata: chunk size: [13]"
"2019-08-30T01:12:46.438Z","EC2AMAZ-ROE9IQD","6","CallsMetadata: requests Completed Successfully"
"2019-08-30T01:12:40.809Z","EC2AMAZ-ROE9IQD","6","CallsMetadata: [65] records to be inserted"
"2019-08-29T07:10:33.726Z","EC2AMAZ-ROE9IQD","6","CallsMetadata: Proceed to delete the job"
"2019-08-29T07:10:33.899Z","EC2AMAZ-ROE9IQD","6","CallsMetadata: Deleted Successfully"
"2019-08-29T07:12:34.195Z","EC2AMAZ-ROE9IQD","6","CallsMetadata: [1] records to be inserted"
"2019-08-29T05:10:01.853Z","EC2AMAZ-ROE9IQD","6","CallsMetadata: Job Created.."
"2019-08-29T05:10:01.136Z","EC2AMAZ-ROE9IQD","6","CallsMetadata: DATE: [2019-08-29T02:56:49] to [2019-08-29T04:00:00.134743]"
"2019-08-30T03:10:33.090Z","EC2AMAZ-ROE9IQD","6","CallsMetadata: Getting Job Data-->"
"2019-08-30T03:10:34.137Z","EC2AMAZ-ROE9IQD","6","CallsMetadata: generating dataframe"
"2019-08-30T03:10:34.149Z","EC2AMAZ-ROE9IQD","6","CallsMetadata: total data: [12]"
"2019-08-30T03:10:35.173Z","EC2AMAZ-ROE9IQD","6","CallsMetadata: total map_url: [7]"
"2019-08-30T03:10:35.178Z","EC2AMAZ-ROE9IQD","6","CallsMetadata: missing values found: [0]"
"2019-08-30T02:10:01.858Z","EC2AMAZ-ROE9IQD","6","CallsMetadata: report job status:202"
"2019-08-30T02:10:01.859Z","EC2AMAZ-ROE9IQD","6","CallsMetadata: job id: [5d688579457a210007515057]"
"2019-08-29T05:10:32.554Z","EC2AMAZ-ROE9IQD","6","CallsMetadata: job response code: [200]"
"2019-08-29T05:10:33.418Z","EC2AMAZ-ROE9IQD","6","CallsMetadata: total threads: [5]"
"2019-08-29T05:10:33.617Z","EC2AMAZ-ROE9IQD","6","CallsMetadata: Deleted Successfully"
"2019-08-30T02:10:33.149Z","EC2AMAZ-ROE9IQD","6","CallsMetadata: report generated successfully"
"2019-08-30T02:10:33.479Z","EC2AMAZ-ROE9IQD","6","CallsMetadata: generating dataframe"
"2019-08-30T02:10:33.492Z","EC2AMAZ-ROE9IQD","6","CallsMetadata: <--initiating concurrent requests-->"
"2019-08-30T02:10:33.492Z","EC2AMAZ-ROE9IQD","6","CallsMetadata: total data: [31]"
"2019-08-30T02:12:37.634Z","EC2AMAZ-ROE9IQD","6","CallsMetadata: requests Completed Successfully"
"2019-08-29T05:12:34.142Z","EC2AMAZ-ROE9IQD","6","CallsMetadata: requests Completed Successfully"
"2019-08-29T07:10:01.810Z","EC2AMAZ-ROE9IQD","6","CallsMetadata: job id: [5d677a49970f5c0012fbcff5]"
"2019-08-29T05:36:36.746Z","EC2AMAZ-ROE9IQD","6","UsersMetadata: Proceed to delete the job"
"2019-08-30T03:10:01.960Z","EC2AMAZ-ROE9IQD","6","CallsMetadata: report job status:202"
"2019-08-29T05:31:33.078Z","EC2AMAZ-ROE9IQD","6","CallsMetadata: job status: [processing]"
"2019-08-29T05:30:01.025Z","EC2AMAZ-ROE9IQD","6","UsersMetadata: started execution"
"2019-08-29T05:30:32.447Z","EC2AMAZ-ROE9IQD","6","UsersMetadata: job response code: [200]"
"2019-08-29T05:30:32.448Z","EC2AMAZ-ROE9IQD","6","CallsMetadata: job status: [processing]"
"2019-08-29T05:30:32.449Z","EC2AMAZ-ROE9IQD","6","UsersMetadata: job status response \n{""id"":""5d6762dada1abe0007a51aee"",""name"":""demoJob3"",""created_at"":""2019-08-29T05:30:02Z"",""status"":""processing"",""timespan"":{""from"":""2019-08-28T00:00:00Z"",""to"":""2019-08-28T23:59:59Z""},""_links"":{""self"":{""href"":""https://api.talkdeskapp.com/reports/user_status/jobs/5d6762dada1abe0007a51aee""},""files"":{""href"":""https://api.talkdeskapp.com/reports/user_status/files/5d6762dada1abe0007a51aee""}}}"
"2019-08-30T02:10:35.380Z","EC2AMAZ-ROE9IQD","6","CallsMetadata: missing values found: [0]"
"2019-08-30T02:10:32.567Z","EC2AMAZ-ROE9IQD","6","CallsMetadata: job response code: [200]"
"2019-08-30T02:10:33.479Z","EC2AMAZ-ROE9IQD","6","CallsMetadata: Proceed to delete the job"
"2019-08-30T02:10:33.492Z","EC2AMAZ-ROE9IQD","6","CallsMetadata: chunk size: [7]"
"2019-08-30T02:12:35.417Z","EC2AMAZ-ROE9IQD","6","CallsMetadata: [31] records to be inserted"
"2019-08-30T02:10:33.491Z","EC2AMAZ-ROE9IQD","6","CallsMetadata: fetched [31] items"
"2019-08-30T03:10:01.015Z","EC2AMAZ-ROE9IQD","6","Calls metadata : 570ce3bb-c146-41e3-a1d7-735ae0cf78ca"
"2019-08-30T03:10:01.091Z","EC2AMAZ-ROE9IQD","6","CallsMetadata: DATE: [2019-08-30T00:58:10] to [2019-08-30T02:00:00.091339]"
"2019-08-30T03:10:02.266Z","EC2AMAZ-ROE9IQD","6","CallsMetadata: job response code: [200]"
"2019-08-30T02:10:01.995Z","EC2AMAZ-ROE9IQD","6","CallsMetadata: waiting for report to generate sleep time [30]"
"2019-08-30T02:10:01.012Z","EC2AMAZ-ROE9IQD","6","Calls metadata : 5f80a63f-dfaf-4508-8dea-c6bb6ce6a6ce"
"2019-08-29T06:10:01.106Z","EC2AMAZ-ROE9IQD","6","CallsMetadata: DATE: [2019-08-29T03:46:17] to [2019-08-29T05:00:00.106366]"
"2019-08-30T02:10:01.144Z","EC2AMAZ-ROE9IQD","6","CallsMetadata: DATE: [2019-08-29T23:55:22] to [2019-08-30T01:00:00.143744]"
"2019-08-29T06:10:02.147Z","EC2AMAZ-ROE9IQD","6","CallsMetadata: job response code: [200]"
"2019-08-30T03:10:33.791Z","EC2AMAZ-ROE9IQD","6","CallsMetadata: Getting Job status code [200]"
"2019-08-30T03:10:33.791Z","EC2AMAZ-ROE9IQD","6","CallsMetadata: report generated successfully"
"2019-08-30T03:10:34.150Z","EC2AMAZ-ROE9IQD","6","CallsMetadata: total threads: [4]"
"2019-08-29T06:10:34.461Z","EC2AMAZ-ROE9IQD","6","CallsMetadata: total map_url: [1]"
"2019-08-29T06:10:33.751Z","EC2AMAZ-ROE9IQD","6","CallsMetadata: report generated successfully"
"2019-08-29T06:10:34.090Z","EC2AMAZ-ROE9IQD","6","CallsMetadata: Proceed to delete the job"
"2019-08-29T06:10:34.101Z","EC2AMAZ-ROE9IQD","6","CallsMetadata: fetched [4] items"
"2019-08-29T06:10:34.101Z","EC2AMAZ-ROE9IQD","6","CallsMetadata: <--initiating concurrent requests-->"
"2019-08-29T06:10:34.102Z","EC2AMAZ-ROE9IQD","6","CallsMetadata: total threads: [4]"
"2019-08-29T05:36:50.371Z","EC2AMAZ-ROE9IQD","6","UsersMetadata: execution finished"
"2019-08-30T03:12:35.210Z","EC2AMAZ-ROE9IQD","6","CallsMetadata: [12] records to be inserted"
"2019-08-30T03:12:36.170Z","EC2AMAZ-ROE9IQD","6","CallsMetadata: requests Completed Successfully"
"2019-08-30T03:10:01.961Z","EC2AMAZ-ROE9IQD","6","CallsMetadata: Job Created.."
"2019-08-30T03:10:01.961Z","EC2AMAZ-ROE9IQD","6","CallsMetadata: job id: [5d689389aabd0100070fc12e]"
"2019-08-30T03:10:02.267Z","EC2AMAZ-ROE9IQD","6","CallsMetadata: job status response \n{""id"":""5d689389aabd0100070fc12e"",""name"":""demoJob3"",""created_at"":""2019-08-30T03:10:01Z"",""status"":""created"",""timespan"":{""from"":""2019-08-30T00:58:10Z"",""to"":""2019-08-30T02:00:00Z""},""_links"":{""self"":{""href"":""https://api.talkdeskapp.com/reports/calls/jobs/5d689389aabd0100070fc12e""},""files"":{""href"":""https://api.talkdeskapp.com/reports/calls/files/5d689389aabd0100070fc12e""}}}"
"2019-08-30T03:10:02.268Z","EC2AMAZ-ROE9IQD","6","CallsMetadata: waiting for report to generate sleep time [30]"
"2019-08-30T03:10:33.089Z","EC2AMAZ-ROE9IQD","6","CallsMetadata: job response code: [200]"
"2019-08-30T03:10:34.137Z","EC2AMAZ-ROE9IQD","6","CallsMetadata: Proceed to delete the job"
"2019-08-30T03:10:34.148Z","EC2AMAZ-ROE9IQD","6","CallsMetadata: fetched [12] items"
"2019-08-30T03:10:34.303Z","EC2AMAZ-ROE9IQD","6","CallsMetadata: Deleted Successfully"
"2019-08-30T03:10:35.175Z","EC2AMAZ-ROE9IQD","6","CallsMetadata: in missing values"
"2019-08-30T03:10:34.149Z","EC2AMAZ-ROE9IQD","6","CallsMetadata: <--initiating concurrent requests-->"
"2019-08-30T03:10:34.149Z","EC2AMAZ-ROE9IQD","6","CallsMetadata: chunk size: [3]"
"2019-08-30T02:10:01.012Z","EC2AMAZ-ROE9IQD","6","CallsMetadata: started execution"
"2019-08-30T02:10:01.859Z","EC2AMAZ-ROE9IQD","6","CallsMetadata: Job Created.."
"2019-08-30T02:10:01.994Z","EC2AMAZ-ROE9IQD","6","CallsMetadata: job response code: [200]"
"2019-08-30T02:10:01.994Z","EC2AMAZ-ROE9IQD","6","CallsMetadata: job status: [processing]"
"2019-08-30T02:10:01.995Z","EC2AMAZ-ROE9IQD","6","CallsMetadata: job status response \n{""id"":""5d688579457a210007515057"",""name"":""demoJob3"",""created_at"":""2019-08-30T02:10:01Z"",""status"":""processing"",""timespan"":{""from"":""2019-08-29T23:55:22Z"",""to"":""2019-08-30T01:00:00Z""},""_links"":{""self"":{""href"":""https://api.talkdeskapp.com/reports/calls/jobs/5d688579457a210007515057""},""files"":{""href"":""https://api.talkdeskapp.com/reports/calls/files/5d688579457a210007515057""}}}"
"2019-08-30T02:10:35.375Z","EC2AMAZ-ROE9IQD","6","CallsMetadata: total map_url: [17]"
"2019-08-30T02:10:35.377Z","EC2AMAZ-ROE9IQD","6","CallsMetadata: in missing values"
"2019-08-30T02:10:32.567Z","EC2AMAZ-ROE9IQD","6","CallsMetadata: Getting Job Data-->"
"2019-08-30T02:10:33.148Z","EC2AMAZ-ROE9IQD","6","CallsMetadata: Getting Job status code [200]"
"2019-08-30T02:10:33.493Z","EC2AMAZ-ROE9IQD","6","CallsMetadata: total threads: [5]"
"2019-08-30T02:10:33.665Z","EC2AMAZ-ROE9IQD","6","CallsMetadata: Deleted Successfully"
"2019-08-30T03:10:01.016Z","EC2AMAZ-ROE9IQD","6","CallsMetadata: started execution"
"2019-08-30T03:10:02.267Z","EC2AMAZ-ROE9IQD","6","CallsMetadata: job status: [created]"
"2019-08-30T04:12:33.955Z","EC2AMAZ-ROE9IQD","6","CallsMetadata: [6] records to be inserted"
"2019-08-30T04:10:01.854Z","EC2AMAZ-ROE9IQD","6","CallsMetadata: job id: [5d68a199ef2fd6000f55ae45]"
"2019-08-30T04:10:01.966Z","EC2AMAZ-ROE9IQD","6","CallsMetadata: job response code: [200]"
"2019-08-30T04:10:33.043Z","EC2AMAZ-ROE9IQD","6","CallsMetadata: report generated successfully"
"2019-08-30T04:10:33.456Z","EC2AMAZ-ROE9IQD","6","CallsMetadata: total data: [6]"
"2019-08-30T04:10:33.457Z","EC2AMAZ-ROE9IQD","6","CallsMetadata: total threads: [3]"
"2019-08-30T04:10:33.622Z","EC2AMAZ-ROE9IQD","6","CallsMetadata: Deleted Successfully"
"2019-08-30T04:10:33.042Z","EC2AMAZ-ROE9IQD","6","CallsMetadata: Getting Job status code [200]"
"2019-08-30T04:10:33.444Z","EC2AMAZ-ROE9IQD","6","CallsMetadata: Proceed to delete the job"
"2019-08-30T04:10:33.444Z","EC2AMAZ-ROE9IQD","6","CallsMetadata: generating dataframe"
"2019-08-30T04:10:33.455Z","EC2AMAZ-ROE9IQD","6","CallsMetadata: fetched [6] items"
"2019-08-30T04:10:33.456Z","EC2AMAZ-ROE9IQD","6","CallsMetadata: chunk size: [2]"
"2019-08-30T04:10:33.917Z","EC2AMAZ-ROE9IQD","6","CallsMetadata: missing values found: [0]"
"2019-08-30T04:10:01.853Z","EC2AMAZ-ROE9IQD","6","CallsMetadata: Job Created.."
"2019-08-30T04:10:01.853Z","EC2AMAZ-ROE9IQD","6","CallsMetadata: report job status:202"
"2019-08-30T04:10:01.967Z","EC2AMAZ-ROE9IQD","6","CallsMetadata: job status: [created]"
"2019-08-30T04:10:01.968Z","EC2AMAZ-ROE9IQD","6","CallsMetadata: waiting for report to generate sleep time [30]"
"2019-08-30T04:10:32.575Z","EC2AMAZ-ROE9IQD","6","CallsMetadata: job response code: [200]"
"2019-08-30T04:10:32.576Z","EC2AMAZ-ROE9IQD","6","CallsMetadata: Getting Job Data-->"
"2019-08-30T04:10:33.915Z","EC2AMAZ-ROE9IQD","6","CallsMetadata: in missing values"
"2019-08-30T04:10:01.015Z","EC2AMAZ-ROE9IQD","6","CallsMetadata: started execution"
"2019-08-30T04:10:01.106Z","EC2AMAZ-ROE9IQD","6","CallsMetadata: DATE: [2019-08-30T01:50:11] to [2019-08-30T03:00:00.106102]"
"2019-08-30T04:10:01.967Z","EC2AMAZ-ROE9IQD","6","CallsMetadata: job status response \n{""id"":""5d68a199ef2fd6000f55ae45"",""name"":""demoJob3"",""created_at"":""2019-08-30T04:10:01Z"",""status"":""created"",""timespan"":{""from"":""2019-08-30T01:50:11Z"",""to"":""2019-08-30T03:00:00Z""},""_links"":{""self"":{""href"":""https://api.talkdeskapp.com/reports/calls/jobs/5d68a199ef2fd6000f55ae45""},""files"":{""href"":""https://api.talkdeskapp.com/reports/calls/files/5d68a199ef2fd6000f55ae45""}}}"
"2019-08-30T04:10:01.014Z","EC2AMAZ-ROE9IQD","6","Calls metadata : eeac9a86-79ca-4200-9784-da419a80c4ea"
"2019-08-30T04:12:34.495Z","EC2AMAZ-ROE9IQD","6","CallsMetadata: requests Completed Successfully"
"2019-08-30T04:10:33.455Z","EC2AMAZ-ROE9IQD","6","CallsMetadata: <--initiating concurrent requests-->"
"2019-08-30T04:10:33.913Z","EC2AMAZ-ROE9IQD","6","CallsMetadata: total map_url: [1]"
"2019-08-29T05:12:33.808Z","EC2AMAZ-ROE9IQD","6","CallsMetadata: [5] records to be inserted"
"2019-08-29T05:36:46.479Z","EC2AMAZ-ROE9IQD","6","UsersMetadata: [4568] records to be inserted"
"2019-08-29T05:30:32.448Z","EC2AMAZ-ROE9IQD","6","{'created_at': '2019-08-29T05:30:02Z', 'id': '5d6762dada1abe0007a51aee', '_links': {'self': {'href': 'https://api.talkdeskapp.com/reports/user_status/jobs/5d6762dada1abe0007a51aee'}, 'files': {'href': 'https://api.talkdeskapp.com/reports/user_status/files/5d6762dada1abe0007a51aee'}}, 'name': 'demoJob3', 'status': 'processing', 'timespan': {'to': '2019-08-28T23:59:59Z', 'from': '2019-08-28T00:00:00Z'}}"
"2019-08-29T05:30:32.449Z","EC2AMAZ-ROE9IQD","6","UsersMetadata: waiting for report to generate sleep time [60]"
"2019-08-29T05:31:33.079Z","EC2AMAZ-ROE9IQD","6","UsersMetadata: waiting for report to generate sleep time [300]"
"2019-08-29T05:30:02.297Z","EC2AMAZ-ROE9IQD","6","CallsMetadata: job status: [created]"
"2019-08-29T05:30:02.298Z","EC2AMAZ-ROE9IQD","6","UsersMetadata: waiting for report to generate sleep time [30]"
"2019-08-29T06:10:34.101Z","EC2AMAZ-ROE9IQD","6","CallsMetadata: total data: [4]"
"2019-08-29T06:10:34.102Z","EC2AMAZ-ROE9IQD","6","CallsMetadata: chunk size: [1]"
"2019-08-29T05:10:32.998Z","EC2AMAZ-ROE9IQD","6","CallsMetadata: Getting Job status code [200]"
"2019-08-29T05:10:32.998Z","EC2AMAZ-ROE9IQD","6","CallsMetadata: report generated successfully"
"2019-08-29T05:10:33.405Z","EC2AMAZ-ROE9IQD","6","CallsMetadata: Proceed to delete the job"
"2019-08-29T05:10:33.417Z","EC2AMAZ-ROE9IQD","6","CallsMetadata: <--initiating concurrent requests-->"
"2019-08-29T05:10:33.417Z","EC2AMAZ-ROE9IQD","6","CallsMetadata: total data: [5]"
"2019-08-29T05:10:33.769Z","EC2AMAZ-ROE9IQD","6","CallsMetadata: total map_url: [1]"
"2019-08-29T05:10:33.773Z","EC2AMAZ-ROE9IQD","6","CallsMetadata: missing values found: [0]"
"2019-08-29T09:10:01.011Z","EC2AMAZ-ROE9IQD","6","CallsMetadata: started execution"
"2019-08-29T09:10:32.918Z","EC2AMAZ-ROE9IQD","6","CallsMetadata: Getting Job status code [200]"
"2019-08-29T09:10:33.267Z","EC2AMAZ-ROE9IQD","6","CallsMetadata: fetched [3] items"
"2019-08-29T09:10:33.268Z","EC2AMAZ-ROE9IQD","6","CallsMetadata: total data: [3]"
"2019-08-29T09:10:33.268Z","EC2AMAZ-ROE9IQD","6","CallsMetadata: chunk size: [1]"
"2019-08-29T05:31:33.079Z","EC2AMAZ-ROE9IQD","6","UsersMetadata: job status response \n{""id"":""5d6762dada1abe0007a51aee"",""name"":""demoJob3"",""created_at"":""2019-08-29T05:30:02Z"",""status"":""processing"",""timespan"":{""from"":""2019-08-28T00:00:00Z"",""to"":""2019-08-28T23:59:59Z""},""_links"":{""self"":{""href"":""https://api.talkdeskapp.com/reports/user_status/jobs/5d6762dada1abe0007a51aee""},""files"":{""href"":""https://api.talkdeskapp.com/reports/user_status/files/5d6762dada1abe0007a51aee""}}}"
"2019-08-29T05:30:01.025Z","EC2AMAZ-ROE9IQD","6","users metadata : 67c7f1fd-1c90-421f-87e9-409a90bf57ae"
"2019-08-29T05:30:01.206Z","EC2AMAZ-ROE9IQD","6","UsersMetadata: DATE: [2019-08-28T00:00:00] to [2019-08-28T23:59:59]"
"2019-08-29T05:30:02.124Z","EC2AMAZ-ROE9IQD","6","UsersMetadata: Job Created.."
"2019-08-29T05:30:02.124Z","EC2AMAZ-ROE9IQD","6","UsersMetadata: waiting for report to generate"
"2019-08-29T05:30:02.297Z","EC2AMAZ-ROE9IQD","6","{'created_at': '2019-08-29T05:30:02Z', 'id': '5d6762dada1abe0007a51aee', '_links': {'self': {'href': 'https://api.talkdeskapp.com/reports/user_status/jobs/5d6762dada1abe0007a51aee'}, 'files': {'href': 'https://api.talkdeskapp.com/reports/user_status/files/5d6762dada1abe0007a51aee'}}, 'name': 'demoJob3', 'status': 'created', 'timespan': {'to': '2019-08-28T23:59:59Z', 'from': '2019-08-28T00:00:00Z'}}"
"2019-08-29T05:36:35.999Z","EC2AMAZ-ROE9IQD","6","UsersMetadata: report generated successfully"
"2019-08-29T05:10:01.013Z","EC2AMAZ-ROE9IQD","6","Calls metadata : 2ea21611-f153-4291-8525-970cb7e2da1f"
"2019-08-29T05:10:01.972Z","EC2AMAZ-ROE9IQD","6","CallsMetadata: job response code: [200]"
"2019-08-29T05:10:01.973Z","EC2AMAZ-ROE9IQD","6","CallsMetadata: job status: [processing]"
"2019-08-29T09:10:32.918Z","EC2AMAZ-ROE9IQD","6","CallsMetadata: report generated successfully"
"2019-08-29T09:10:33.258Z","EC2AMAZ-ROE9IQD","6","CallsMetadata: generating dataframe"
"2019-08-29T09:10:33.269Z","EC2AMAZ-ROE9IQD","6","CallsMetadata: total threads: [3]"
"2019-08-29T09:10:33.450Z","EC2AMAZ-ROE9IQD","6","CallsMetadata: Deleted Successfully"
"2019-08-29T09:10:33.936Z","EC2AMAZ-ROE9IQD","6","CallsMetadata: total map_url: [2]"
"2019-08-29T09:10:01.756Z","EC2AMAZ-ROE9IQD","6","CallsMetadata: report job status:202"
"2019-08-29T09:10:01.915Z","EC2AMAZ-ROE9IQD","6","CallsMetadata: job response code: [200]"
"2019-08-29T09:10:01.916Z","EC2AMAZ-ROE9IQD","6","CallsMetadata: job status: [processing]"
"2019-08-29T09:10:01.916Z","EC2AMAZ-ROE9IQD","6","CallsMetadata: waiting for report to generate sleep time [30]"
"2019-08-29T09:12:33.974Z","EC2AMAZ-ROE9IQD","6","CallsMetadata: [3] records to be inserted"
"2019-08-29T07:10:01.015Z","EC2AMAZ-ROE9IQD","6","Calls metadata : 68aa7216-7720-47d0-a08b-7d88b56d013c"
"2019-08-29T07:10:01.016Z","EC2AMAZ-ROE9IQD","6","CallsMetadata: started execution"
"2019-08-29T07:10:32.903Z","EC2AMAZ-ROE9IQD","6","CallsMetadata: job response code: [200]"
"2019-08-29T07:10:32.904Z","EC2AMAZ-ROE9IQD","6","CallsMetadata: Getting Job Data-->"
"2019-08-29T07:10:34.106Z","EC2AMAZ-ROE9IQD","6","CallsMetadata: in missing values"
"2019-08-29T07:10:33.375Z","EC2AMAZ-ROE9IQD","6","CallsMetadata: Getting Job status code [200]"
"2019-08-29T07:10:33.738Z","EC2AMAZ-ROE9IQD","6","CallsMetadata: total threads: [1]"
"2019-08-29T07:10:01.949Z","EC2AMAZ-ROE9IQD","6","CallsMetadata: job response code: [200]"
"2019-08-29T07:10:01.950Z","EC2AMAZ-ROE9IQD","6","CallsMetadata: waiting for report to generate sleep time [30]"
"2019-08-29T07:10:01.144Z","EC2AMAZ-ROE9IQD","6","CallsMetadata: DATE: [2019-08-29T04:57:34] to [2019-08-29T06:00:00.144407]"
"2019-08-29T07:10:01.809Z","EC2AMAZ-ROE9IQD","6","CallsMetadata: report job status:202"
"2019-08-29T07:10:01.809Z","EC2AMAZ-ROE9IQD","6","CallsMetadata: Job Created.."
"2019-08-29T07:10:01.950Z","EC2AMAZ-ROE9IQD","6","CallsMetadata: job status response \n{""id"":""5d677a49970f5c0012fbcff5"",""name"":""demoJob3"",""created_at"":""2019-08-29T07:10:01Z"",""status"":""created"",""timespan"":{""from"":""2019-08-29T04:57:34Z"",""to"":""2019-08-29T06:00:00Z""},""_links"":{""self"":{""href"":""https://api.talkdeskapp.com/reports/calls/jobs/5d677a49970f5c0012fbcff5""},""files"":{""href"":""https://api.talkdeskapp.com/reports/calls/files/5d677a49970f5c0012fbcff5""}}}"
"2019-08-29T08:10:01.886Z","EC2AMAZ-ROE9IQD","6","CallsMetadata: job response code: [200]"
"2019-08-29T08:10:01.012Z","EC2AMAZ-ROE9IQD","6","Calls metadata : 9ed2c150-6f4f-4ce1-94ae-00db3e009e11"
"2019-08-29T08:10:33.097Z","EC2AMAZ-ROE9IQD","6","CallsMetadata: Getting Job status code [200]"
"2019-08-29T08:10:33.659Z","EC2AMAZ-ROE9IQD","6","CallsMetadata: Deleted Successfully"
"2019-08-29T08:10:01.750Z","EC2AMAZ-ROE9IQD","6","CallsMetadata: report job status:202"
"2019-08-29T08:10:01.751Z","EC2AMAZ-ROE9IQD","6","CallsMetadata: job id: [5d678859ef2fd6000f55ab96]"
"2019-08-29T08:10:01.886Z","EC2AMAZ-ROE9IQD","6","CallsMetadata: job status: [created]"
"2019-08-29T08:10:01.887Z","EC2AMAZ-ROE9IQD","6","CallsMetadata: waiting for report to generate sleep time [30]"
"2019-08-29T08:10:33.097Z","EC2AMAZ-ROE9IQD","6","CallsMetadata: report generated successfully"
"2019-08-29T08:10:33.454Z","EC2AMAZ-ROE9IQD","6","CallsMetadata: generating dataframe"
"2019-08-29T08:10:33.465Z","EC2AMAZ-ROE9IQD","6","CallsMetadata: chunk size: [1]"
"2019-08-29T08:10:33.911Z","EC2AMAZ-ROE9IQD","6","CallsMetadata: total map_url: [3]"
"2019-08-29T08:12:33.949Z","EC2AMAZ-ROE9IQD","6","CallsMetadata: [3] records to be inserted"
"2019-08-29T06:12:34.881Z","EC2AMAZ-ROE9IQD","6","CallsMetadata: requests Completed Successfully"
"2019-08-29T07:10:33.375Z","EC2AMAZ-ROE9IQD","6","CallsMetadata: report generated successfully"
"2019-08-29T07:10:33.727Z","EC2AMAZ-ROE9IQD","6","CallsMetadata: generating dataframe"
"2019-08-29T07:10:33.737Z","EC2AMAZ-ROE9IQD","6","CallsMetadata: total data: [1]"
"2019-08-29T07:10:33.738Z","EC2AMAZ-ROE9IQD","6","CallsMetadata: chunk size: [1]"
"2019-08-29T07:10:34.105Z","EC2AMAZ-ROE9IQD","6","CallsMetadata: total map_url: [1]"
"2019-08-29T10:10:33.073Z","EC2AMAZ-ROE9IQD","6","CallsMetadata: Getting Job status code [200]"
"2019-08-29T10:10:33.399Z","EC2AMAZ-ROE9IQD","6","CallsMetadata: Proceed to delete the job"
"2019-08-29T10:10:33.408Z","EC2AMAZ-ROE9IQD","6","CallsMetadata: fetched [1] items"
"2019-08-29T10:10:33.409Z","EC2AMAZ-ROE9IQD","6","CallsMetadata: total data: [1]"
"2019-08-29T10:10:33.409Z","EC2AMAZ-ROE9IQD","6","CallsMetadata: chunk size: [1]"
"2019-08-29T10:10:33.410Z","EC2AMAZ-ROE9IQD","6","CallsMetadata: total threads: [1]"
"2019-08-29T10:10:33.410Z","EC2AMAZ-ROE9IQD","6","CallsMetadata: total map_url: [0]"
"2019-08-29T10:10:33.413Z","EC2AMAZ-ROE9IQD","6","CallsMetadata: missing values found: [0]"
"2019-08-29T10:10:01.011Z","EC2AMAZ-ROE9IQD","6","CallsMetadata: started execution"
"2019-08-29T10:10:01.820Z","EC2AMAZ-ROE9IQD","6","CallsMetadata: Job Created.."
"2019-08-29T10:12:33.453Z","EC2AMAZ-ROE9IQD","6","CallsMetadata: [1] records to be inserted"
"2019-08-29T09:10:01.916Z","EC2AMAZ-ROE9IQD","6","CallsMetadata: job status response \n{""id"":""5d679669a80ef60007dfaf21"",""name"":""demoJob3"",""created_at"":""2019-08-29T09:10:01Z"",""status"":""processing"",""timespan"":{""from"":""2019-08-29T06:57:41Z"",""to"":""2019-08-29T08:00:00Z""},""_links"":{""self"":{""href"":""https://api.talkdeskapp.com/reports/calls/jobs/5d679669a80ef60007dfaf21""},""files"":{""href"":""https://api.talkdeskapp.com/reports/calls/files/5d679669a80ef60007dfaf21""}}}"
"2019-08-29T09:10:01.011Z","EC2AMAZ-ROE9IQD","6","Calls metadata : 24a9fe3d-028c-4abc-b0d3-e24eb1c8b763"
"2019-08-29T09:10:01.109Z","EC2AMAZ-ROE9IQD","6","CallsMetadata: DATE: [2019-08-29T06:57:41] to [2019-08-29T08:00:00.108907]"
"2019-08-29T09:10:33.938Z","EC2AMAZ-ROE9IQD","6","CallsMetadata: in missing values"
"2019-08-29T09:10:33.940Z","EC2AMAZ-ROE9IQD","6","CallsMetadata: missing values found: [0]"
"2019-08-29T09:10:32.482Z","EC2AMAZ-ROE9IQD","6","CallsMetadata: job response code: [200]"
"2019-08-29T10:12:33.553Z","EC2AMAZ-ROE9IQD","6","CallsMetadata: requests Completed Successfully"
"2019-08-29T10:10:32.605Z","EC2AMAZ-ROE9IQD","6","CallsMetadata: Getting Job Data-->"
"2019-08-29T10:10:01.011Z","EC2AMAZ-ROE9IQD","6","Calls metadata : 089a0cf9-6b37-4289-9794-b0e69fa419e5"
"2019-08-29T10:10:01.072Z","EC2AMAZ-ROE9IQD","6","CallsMetadata: DATE: [2019-08-29T07:49:51] to [2019-08-29T09:00:00.072287]"
"2019-08-29T10:10:01.819Z","EC2AMAZ-ROE9IQD","6","CallsMetadata: report job status:202"
"2019-08-29T10:10:01.991Z","EC2AMAZ-ROE9IQD","6","CallsMetadata: job response code: [200]"
"2019-08-29T10:10:01.992Z","EC2AMAZ-ROE9IQD","6","CallsMetadata: job status response \n{""id"":""5d67a479970f5c0007fbd041"",""name"":""demoJob3"",""created_at"":""2019-08-29T10:10:01Z"",""status"":""created"",""timespan"":{""from"":""2019-08-29T07:49:51Z"",""to"":""2019-08-29T09:00:00Z""},""_links"":{""self"":{""href"":""https://api.talkdeskapp.com/reports/calls/jobs/5d67a479970f5c0007fbd041""},""files"":{""href"":""https://api.talkdeskapp.com/reports/calls/files/5d67a479970f5c0007fbd041""}}}"
"2019-08-29T10:10:01.992Z","EC2AMAZ-ROE9IQD","6","CallsMetadata: waiting for report to generate sleep time [30]"
"2019-08-29T10:10:33.399Z","EC2AMAZ-ROE9IQD","6","CallsMetadata: generating dataframe"
"2019-08-29T10:10:33.409Z","EC2AMAZ-ROE9IQD","6","CallsMetadata: <--initiating concurrent requests-->"
